date,ticker,eps,up_revision
2026-03-06,A,,0
2026-03-07,A,,0
2026-03-08,A,,0
2026-03-09,A,,0
2026-03-06,AA,,0
2026-03-07,AA,,0
2026-03-08,AA,,0
2026-03-09,AA,,0
2026-03-06,AAL,,0
2026-03-07,AAL,,0
2026-03-08,AAL,,0
2026-03-09,AAL,,0
2026-03-06,AAMI,,0
2026-03-07,AAMI,,0
2026-03-08,AAMI,,0
2026-03-09,AAMI,,0
2026-03-06,AAON,,0
2026-03-07,AAON,,0
2026-03-08,AAON,,0
2026-03-09,AAON,,0
2026-03-06,AAP,,0
2026-03-07,AAP,,0
2026-03-08,AAP,,0
2026-03-09,AAP,,0
2026-03-06,AAPL,,0
2026-03-07,AAPL,,0
2026-03-08,AAPL,,0
2026-03-09,AAPL,,0
2026-03-06,AAT,,0
2026-03-07,AAT,,0
2026-03-08,AAT,,0
2026-03-09,AAT,,0
2026-03-06,ABBV,,0
2026-03-07,ABBV,,0
2026-03-08,ABBV,,0
2026-03-09,ABBV,,0
2026-03-06,ABCB,,0
2026-03-07,ABCB,,0
2026-03-08,ABCB,,0
2026-03-09,ABCB,,0
2026-03-06,ABG,,0
2026-03-07,ABG,,0
2026-03-08,ABG,,0
2026-03-09,ABG,,0
2026-03-06,ABM,,0
2026-03-07,ABM,,0
2026-03-08,ABM,,0
2026-03-09,ABM,,0
2026-03-06,ABNB,,0
2026-03-07,ABNB,,0
2026-03-08,ABNB,,0
2026-03-09,ABNB,,0
2026-03-06,ABR,,0
2026-03-07,ABR,,0
2026-03-08,ABR,,0
2026-03-09,ABR,,0
2026-03-06,ABT,,0
2026-03-07,ABT,,0
2026-03-08,ABT,,0
2026-03-09,ABT,,0
2026-03-06,ACA,,0
2026-03-07,ACA,,0
2026-03-08,ACA,,0
2026-03-09,ACA,,0
2026-03-06,ACAD,,0
2026-03-07,ACAD,,0
2026-03-08,ACAD,,0
2026-03-09,ACAD,,0
2026-03-06,ACGL,,0
2026-03-07,ACGL,,0
2026-03-08,ACGL,,0
2026-03-09,ACGL,,0
2026-03-06,ACHC,,0
2026-03-07,ACHC,,0
2026-03-08,ACHC,,0
2026-03-09,ACHC,,0
2026-03-06,ACI,,0
2026-03-07,ACI,,0
2026-03-08,ACI,,0
2026-03-09,ACI,,0
2026-03-06,ACIW,,0
2026-03-07,ACIW,,0
2026-03-08,ACIW,,0
2026-03-09,ACIW,,0
2026-03-06,ACLS,,0
2026-03-07,ACLS,,0
2026-03-08,ACLS,,0
2026-03-09,ACLS,,0
2026-03-06,ACM,,0
2026-03-07,ACM,,0
2026-03-08,ACM,,0
2026-03-09,ACM,,0
2026-03-06,ACMR,,0
2026-03-07,ACMR,,0
2026-03-08,ACMR,,0
2026-03-09,ACMR,,0
2026-03-06,ACN,,0
2026-03-07,ACN,,0
2026-03-08,ACN,,0
2026-03-09,ACN,,0
2026-03-06,ACT,,0
2026-03-07,ACT,,0
2026-03-08,ACT,,0
2026-03-09,ACT,,0
2026-03-06,ADAM,,0
2026-03-07,ADAM,,0
2026-03-08,ADAM,,0
2026-03-09,ADAM,,0
2026-03-06,ADBE,,0
2026-03-07,ADBE,,0
2026-03-08,ADBE,,0
2026-03-09,ADBE,,0
2026-03-06,ADC,,0
2026-03-07,ADC,,0
2026-03-08,ADC,,0
2026-03-09,ADC,,0
2026-03-06,ADEA,,0
2026-03-07,ADEA,,0
2026-03-08,ADEA,,0
2026-03-09,ADEA,,0
2026-03-06,ADI,,0
2026-03-07,ADI,,0
2026-03-08,ADI,,0
2026-03-09,ADI,,0
2026-03-06,ADM,,0
2026-03-07,ADM,,0
2026-03-08,ADM,,0
2026-03-09,ADM,,0
2026-03-06,ADMA,,0
2026-03-07,ADMA,,0
2026-03-08,ADMA,,0
2026-03-09,ADMA,,0
2026-03-06,ADNT,,0
2026-03-07,ADNT,,0
2026-03-08,ADNT,,0
2026-03-09,ADNT,,0
2026-03-06,ADP,,0
2026-03-07,ADP,,0
2026-03-08,ADP,,0
2026-03-09,ADP,,0
2026-03-06,ADSK,,0
2026-03-07,ADSK,,0
2026-03-08,ADSK,,0
2026-03-09,ADSK,,0
2026-03-06,ADT,,0
2026-03-07,ADT,,0
2026-03-08,ADT,,0
2026-03-09,ADT,,0
2026-03-06,ADUS,,0
2026-03-07,ADUS,,0
2026-03-08,ADUS,,0
2026-03-09,ADUS,,0
2026-03-06,AEE,,0
2026-03-07,AEE,,0
2026-03-08,AEE,,0
2026-03-09,AEE,,0
2026-03-06,AEIS,,0
2026-03-07,AEIS,,0
2026-03-08,AEIS,,0
2026-03-09,AEIS,,0
2026-03-06,AEO,,0
2026-03-07,AEO,,0
2026-03-08,AEO,,0
2026-03-09,AEO,,0
2026-03-06,AEP,,0
2026-03-07,AEP,,0
2026-03-08,AEP,,0
2026-03-09,AEP,,0
2026-03-06,AES,,0
2026-03-07,AES,,0
2026-03-08,AES,,0
2026-03-09,AES,,0
2026-03-06,AESI,,0
2026-03-07,AESI,,0
2026-03-08,AESI,,0
2026-03-09,AESI,,0
2026-03-06,AFG,,0
2026-03-07,AFG,,0
2026-03-08,AFG,,0
2026-03-09,AFG,,0
2026-03-06,AFL,,0
2026-03-07,AFL,,0
2026-03-08,AFL,,0
2026-03-09,AFL,,0
2026-03-06,AGCO,,0
2026-03-07,AGCO,,0
2026-03-08,AGCO,,0
2026-03-09,AGCO,,0
2026-03-06,AGO,,0
2026-03-07,AGO,,0
2026-03-08,AGO,,0
2026-03-09,AGO,,0
2026-03-06,AGYS,,0
2026-03-07,AGYS,,0
2026-03-08,AGYS,,0
2026-03-09,AGYS,,0
2026-03-06,AHCO,,0
2026-03-07,AHCO,,0
2026-03-08,AHCO,,0
2026-03-09,AHCO,,0
2026-03-06,AHH,,0
2026-03-07,AHH,,0
2026-03-08,AHH,,0
2026-03-09,AHH,,0
2026-03-06,AHR,,0
2026-03-07,AHR,,0
2026-03-08,AHR,,0
2026-03-09,AHR,,0
2026-03-06,AIG,,0
2026-03-07,AIG,,0
2026-03-08,AIG,,0
2026-03-09,AIG,,0
2026-03-06,AIN,,0
2026-03-07,AIN,,0
2026-03-08,AIN,,0
2026-03-09,AIN,,0
2026-03-06,AIR,,0
2026-03-07,AIR,,0
2026-03-08,AIR,,0
2026-03-09,AIR,,0
2026-03-06,AIT,,0
2026-03-07,AIT,,0
2026-03-08,AIT,,0
2026-03-09,AIT,,0
2026-03-06,AIZ,,0
2026-03-07,AIZ,,0
2026-03-08,AIZ,,0
2026-03-09,AIZ,,0
2026-03-06,AJG,,0
2026-03-07,AJG,,0
2026-03-08,AJG,,0
2026-03-09,AJG,,0
2026-03-06,AKAM,,0
2026-03-07,AKAM,,0
2026-03-08,AKAM,,0
2026-03-09,AKAM,,0
2026-03-06,AKR,,0
2026-03-07,AKR,,0
2026-03-08,AKR,,0
2026-03-09,AKR,,0
2026-03-06,AL,,0
2026-03-07,AL,,0
2026-03-08,AL,,0
2026-03-09,AL,,0
2026-03-06,ALB,,0
2026-03-07,ALB,,0
2026-03-08,ALB,,0
2026-03-09,ALB,,0
2026-03-06,ALEX,,0
2026-03-07,ALEX,,0
2026-03-08,ALEX,,0
2026-03-09,ALEX,,0
2026-03-06,ALG,,0
2026-03-07,ALG,,0
2026-03-08,ALG,,0
2026-03-09,ALG,,0
2026-03-06,ALGM,,0
2026-03-07,ALGM,,0
2026-03-08,ALGM,,0
2026-03-09,ALGM,,0
2026-03-06,ALGN,,0
2026-03-07,ALGN,,0
2026-03-08,ALGN,,0
2026-03-09,ALGN,,0
2026-03-06,ALGT,,0
2026-03-07,ALGT,,0
2026-03-08,ALGT,,0
2026-03-09,ALGT,,0
2026-03-06,ALK,,0
2026-03-07,ALK,,0
2026-03-08,ALK,,0
2026-03-09,ALK,,0
2026-03-06,ALKS,,0
2026-03-07,ALKS,,0
2026-03-08,ALKS,,0
2026-03-09,ALKS,,0
2026-03-06,ALL,,0
2026-03-07,ALL,,0
2026-03-08,ALL,,0
2026-03-09,ALL,,0
2026-03-06,ALLE,,0
2026-03-07,ALLE,,0
2026-03-08,ALLE,,0
2026-03-09,ALLE,,0
2026-03-06,ALLY,,0
2026-03-07,ALLY,,0
2026-03-08,ALLY,,0
2026-03-09,ALLY,,0
2026-03-06,ALRM,,0
2026-03-07,ALRM,,0
2026-03-08,ALRM,,0
2026-03-09,ALRM,,0
2026-03-06,ALV,,0
2026-03-07,ALV,,0
2026-03-08,ALV,,0
2026-03-09,ALV,,0
2026-03-06,AM,,0
2026-03-07,AM,,0
2026-03-08,AM,,0
2026-03-09,AM,,0
2026-03-06,AMAT,,0
2026-03-07,AMAT,,0
2026-03-08,AMAT,,0
2026-03-09,AMAT,,0
2026-03-06,AMCR,,0
2026-03-07,AMCR,,0
2026-03-08,AMCR,,0
2026-03-09,AMCR,,0
2026-03-06,AMD,,0
2026-03-07,AMD,,0
2026-03-08,AMD,,0
2026-03-09,AMD,,0
2026-03-06,AME,,0
2026-03-07,AME,,0
2026-03-08,AME,,0
2026-03-09,AME,,0
2026-03-06,AMG,,0
2026-03-07,AMG,,0
2026-03-08,AMG,,0
2026-03-09,AMG,,0
2026-03-06,AMGN,,0
2026-03-07,AMGN,,0
2026-03-08,AMGN,,0
2026-03-09,AMGN,,0
2026-03-06,AMH,,0
2026-03-07,AMH,,0
2026-03-08,AMH,,0
2026-03-09,AMH,,0
2026-03-06,AMKR,,0
2026-03-07,AMKR,,0
2026-03-08,AMKR,,0
2026-03-09,AMKR,,0
2026-03-06,AMN,,0
2026-03-07,AMN,,0
2026-03-08,AMN,,0
2026-03-09,AMN,,0
2026-03-06,AMP,,0
2026-03-07,AMP,,0
2026-03-08,AMP,,0
2026-03-09,AMP,,0
2026-03-06,AMPH,,0
2026-03-07,AMPH,,0
2026-03-08,AMPH,,0
2026-03-09,AMPH,,0
2026-03-06,AMR,,0
2026-03-07,AMR,,0
2026-03-08,AMR,,0
2026-03-09,AMR,,0
2026-03-06,AMRX,,0
2026-03-07,AMRX,,0
2026-03-08,AMRX,,0
2026-03-09,AMRX,,0
2026-03-06,AMSF,,0
2026-03-07,AMSF,,0
2026-03-08,AMSF,,0
2026-03-09,AMSF,,0
2026-03-06,AMT,,0
2026-03-07,AMT,,0
2026-03-08,AMT,,0
2026-03-09,AMT,,0
2026-03-06,AMTM,,0
2026-03-07,AMTM,,0
2026-03-08,AMTM,,0
2026-03-09,AMTM,,0
2026-03-06,AMWD,,0
2026-03-07,AMWD,,0
2026-03-08,AMWD,,0
2026-03-09,AMWD,,0
2026-03-06,AMZN,,0
2026-03-07,AMZN,,0
2026-03-08,AMZN,,0
2026-03-09,AMZN,,0
2026-03-06,AN,,0
2026-03-07,AN,,0
2026-03-08,AN,,0
2026-03-09,AN,,0
2026-03-06,ANDE,,0
2026-03-07,ANDE,,0
2026-03-08,ANDE,,0
2026-03-09,ANDE,,0
2026-03-06,ANET,,0
2026-03-07,ANET,,0
2026-03-08,ANET,,0
2026-03-09,ANET,,0
2026-03-06,ANF,,0
2026-03-07,ANF,,0
2026-03-08,ANF,,0
2026-03-09,ANF,,0
2026-03-06,ANGI,,0
2026-03-07,ANGI,,0
2026-03-08,ANGI,,0
2026-03-09,ANGI,,0
2026-03-06,ANIP,,0
2026-03-07,ANIP,,0
2026-03-08,ANIP,,0
2026-03-09,ANIP,,0
2026-03-06,AON,,0
2026-03-07,AON,,0
2026-03-08,AON,,0
2026-03-09,AON,,0
2026-03-06,AORT,,0
2026-03-07,AORT,,0
2026-03-08,AORT,,0
2026-03-09,AORT,,0
2026-03-06,AOS,,0
2026-03-07,AOS,,0
2026-03-08,AOS,,0
2026-03-09,AOS,,0
2026-03-06,AOSL,,0
2026-03-07,AOSL,,0
2026-03-08,AOSL,,0
2026-03-09,AOSL,,0
2026-03-06,APA,,0
2026-03-07,APA,,0
2026-03-08,APA,,0
2026-03-09,APA,,0
2026-03-06,APAM,,0
2026-03-07,APAM,,0
2026-03-08,APAM,,0
2026-03-09,APAM,,0
2026-03-06,APD,,0
2026-03-07,APD,,0
2026-03-08,APD,,0
2026-03-09,APD,,0
2026-03-06,APG,,0
2026-03-07,APG,,0
2026-03-08,APG,,0
2026-03-09,APG,,0
2026-03-06,APH,,0
2026-03-07,APH,,0
2026-03-08,APH,,0
2026-03-09,APH,,0
2026-03-06,APLE,,0
2026-03-07,APLE,,0
2026-03-08,APLE,,0
2026-03-09,APLE,,0
2026-03-06,APLS,,0
2026-03-07,APLS,,0
2026-03-08,APLS,,0
2026-03-09,APLS,,0
2026-03-06,APO,,0
2026-03-07,APO,,0
2026-03-08,APO,,0
2026-03-09,APO,,0
2026-03-06,APOG,,0
2026-03-07,APOG,,0
2026-03-08,APOG,,0
2026-03-09,APOG,,0
2026-03-06,APP,,0
2026-03-07,APP,,0
2026-03-08,APP,,0
2026-03-09,APP,,0
2026-03-06,APPF,,0
2026-03-07,APPF,,0
2026-03-08,APPF,,0
2026-03-09,APPF,,0
2026-03-06,APTV,,0
2026-03-07,APTV,,0
2026-03-08,APTV,,0
2026-03-09,APTV,,0
2026-03-06,AR,,0
2026-03-07,AR,,0
2026-03-08,AR,,0
2026-03-09,AR,,0
2026-03-06,ARCB,,0
2026-03-07,ARCB,,0
2026-03-08,ARCB,,0
2026-03-09,ARCB,,0
2026-03-06,ARE,,0
2026-03-07,ARE,,0
2026-03-08,ARE,,0
2026-03-09,ARE,,0
2026-03-06,ARES,,0
2026-03-07,ARES,,0
2026-03-08,ARES,,0
2026-03-09,ARES,,0
2026-03-06,ARI,,0
2026-03-07,ARI,,0
2026-03-08,ARI,,0
2026-03-09,ARI,,0
2026-03-06,ARLO,,0
2026-03-07,ARLO,,0
2026-03-08,ARLO,,0
2026-03-09,ARLO,,0
2026-03-06,ARMK,,0
2026-03-07,ARMK,,0
2026-03-08,ARMK,,0
2026-03-09,ARMK,,0
2026-03-06,AROC,,0
2026-03-07,AROC,,0
2026-03-08,AROC,,0
2026-03-09,AROC,,0
2026-03-06,ARR,,0
2026-03-07,ARR,,0
2026-03-08,ARR,,0
2026-03-09,ARR,,0
2026-03-06,ARW,,0
2026-03-07,ARW,,0
2026-03-08,ARW,,0
2026-03-09,ARW,,0
2026-03-06,ARWR,,0
2026-03-07,ARWR,,0
2026-03-08,ARWR,,0
2026-03-09,ARWR,,0
2026-03-06,ASB,,0
2026-03-07,ASB,,0
2026-03-08,ASB,,0
2026-03-09,ASB,,0
2026-03-06,ASGN,,0
2026-03-07,ASGN,,0
2026-03-08,ASGN,,0
2026-03-09,ASGN,,0
2026-03-06,ASH,,0
2026-03-07,ASH,,0
2026-03-08,ASH,,0
2026-03-09,ASH,,0
2026-03-06,ASML,,0
2026-03-06,ASO,,0
2026-03-07,ASO,,0
2026-03-08,ASO,,0
2026-03-09,ASO,,0
2026-03-06,ASTE,,0
2026-03-07,ASTE,,0
2026-03-08,ASTE,,0
2026-03-09,ASTE,,0
2026-03-06,ASTH,,0
2026-03-07,ASTH,,0
2026-03-08,ASTH,,0
2026-03-09,ASTH,,0
2026-03-06,ATEN,,0
2026-03-07,ATEN,,0
2026-03-08,ATEN,,0
2026-03-09,ATEN,,0
2026-03-06,ATGE,,0
2026-03-07,ATGE,,0
2026-03-08,ATGE,,0
2026-03-09,ATGE,,0
2026-03-06,ATI,,0
2026-03-07,ATI,,0
2026-03-08,ATI,,0
2026-03-09,ATI,,0
2026-03-06,ATO,,0
2026-03-07,ATO,,0
2026-03-08,ATO,,0
2026-03-09,ATO,,0
2026-03-06,ATR,,0
2026-03-07,ATR,,0
2026-03-08,ATR,,0
2026-03-09,ATR,,0
2026-03-06,AUB,,0
2026-03-07,AUB,,0
2026-03-08,AUB,,0
2026-03-09,AUB,,0
2026-03-06,AVA,,0
2026-03-07,AVA,,0
2026-03-08,AVA,,0
2026-03-09,AVA,,0
2026-03-06,AVAV,,0
2026-03-07,AVAV,,0
2026-03-08,AVAV,,0
2026-03-09,AVAV,,0
2026-03-06,AVB,,0
2026-03-07,AVB,,0
2026-03-08,AVB,,0
2026-03-09,AVB,,0
2026-03-06,AVGO,,0
2026-03-07,AVGO,,0
2026-03-08,AVGO,,0
2026-03-09,AVGO,,0
2026-03-06,AVNS,,0
2026-03-07,AVNS,,0
2026-03-08,AVNS,,0
2026-03-09,AVNS,,0
2026-03-06,AVNT,,0
2026-03-07,AVNT,,0
2026-03-08,AVNT,,0
2026-03-09,AVNT,,0
2026-03-06,AVT,,0
2026-03-07,AVT,,0
2026-03-08,AVT,,0
2026-03-09,AVT,,0
2026-03-06,AVTR,,0
2026-03-07,AVTR,,0
2026-03-08,AVTR,,0
2026-03-09,AVTR,,0
2026-03-06,AVY,,0
2026-03-07,AVY,,0
2026-03-08,AVY,,0
2026-03-09,AVY,,0
2026-03-06,AWI,,0
2026-03-07,AWI,,0
2026-03-08,AWI,,0
2026-03-09,AWI,,0
2026-03-06,AWK,,0
2026-03-07,AWK,,0
2026-03-08,AWK,,0
2026-03-09,AWK,,0
2026-03-06,AWR,,0
2026-03-07,AWR,,0
2026-03-08,AWR,,0
2026-03-09,AWR,,0
2026-03-06,AX,,0
2026-03-07,AX,,0
2026-03-08,AX,,0
2026-03-09,AX,,0
2026-03-06,AXL,,0
2026-03-07,AXL,,0
2026-03-08,AXL,,0
2026-03-09,AXL,,0
2026-03-06,AXON,,0
2026-03-07,AXON,,0
2026-03-08,AXON,,0
2026-03-09,AXON,,0
2026-03-06,AXP,,0
2026-03-07,AXP,,0
2026-03-08,AXP,,0
2026-03-09,AXP,,0
2026-03-06,AXTA,,0
2026-03-07,AXTA,,0
2026-03-08,AXTA,,0
2026-03-09,AXTA,,0
2026-03-06,AYI,,0
2026-03-07,AYI,,0
2026-03-08,AYI,,0
2026-03-09,AYI,,0
2026-03-06,AZO,,0
2026-03-07,AZO,,0
2026-03-08,AZO,,0
2026-03-09,AZO,,0
2026-03-06,AZTA,,0
2026-03-07,AZTA,,0
2026-03-08,AZTA,,0
2026-03-09,AZTA,,0
2026-03-06,AZZ,,0
2026-03-07,AZZ,,0
2026-03-08,AZZ,,0
2026-03-09,AZZ,,0
2026-03-06,BA,,0
2026-03-07,BA,,0
2026-03-08,BA,,0
2026-03-09,BA,,0
2026-03-06,BAC,,0
2026-03-07,BAC,,0
2026-03-08,BAC,,0
2026-03-09,BAC,,0
2026-03-06,BAH,,0
2026-03-07,BAH,,0
2026-03-08,BAH,,0
2026-03-09,BAH,,0
2026-03-06,BALL,,0
2026-03-07,BALL,,0
2026-03-08,BALL,,0
2026-03-09,BALL,,0
2026-03-06,BANC,,0
2026-03-07,BANC,,0
2026-03-08,BANC,,0
2026-03-09,BANC,,0
2026-03-06,BANF,,0
2026-03-07,BANF,,0
2026-03-08,BANF,,0
2026-03-09,BANF,,0
2026-03-06,BANR,,0
2026-03-07,BANR,,0
2026-03-08,BANR,,0
2026-03-09,BANR,,0
2026-03-06,BAX,,0
2026-03-07,BAX,,0
2026-03-08,BAX,,0
2026-03-09,BAX,,0
2026-03-06,BBT,,0
2026-03-07,BBT,,0
2026-03-08,BBT,,0
2026-03-09,BBT,,0
2026-03-06,BBWI,,0
2026-03-07,BBWI,,0
2026-03-08,BBWI,,0
2026-03-09,BBWI,,0
2026-03-06,BBY,,0
2026-03-07,BBY,,0
2026-03-08,BBY,,0
2026-03-09,BBY,,0
2026-03-06,BC,,0
2026-03-07,BC,,0
2026-03-08,BC,,0
2026-03-09,BC,,0
2026-03-06,BCC,,0
2026-03-07,BCC,,0
2026-03-08,BCC,,0
2026-03-09,BCC,,0
2026-03-06,BCO,,0
2026-03-07,BCO,,0
2026-03-08,BCO,,0
2026-03-09,BCO,,0
2026-03-06,BCPC,,0
2026-03-07,BCPC,,0
2026-03-08,BCPC,,0
2026-03-09,BCPC,,0
2026-03-06,BDC,,0
2026-03-07,BDC,,0
2026-03-08,BDC,,0
2026-03-09,BDC,,0
2026-03-06,BDX,,0
2026-03-07,BDX,,0
2026-03-08,BDX,,0
2026-03-09,BDX,,0
2026-03-06,BEN,,0
2026-03-07,BEN,,0
2026-03-08,BEN,,0
2026-03-09,BEN,,0
2026-03-06,BF-B,,0
2026-03-07,BF-B,,0
2026-03-08,BF-B,,0
2026-03-09,BF-B,,0
2026-03-06,BFH,,0
2026-03-07,BFH,,0
2026-03-08,BFH,,0
2026-03-09,BFH,,0
2026-03-06,BFS,,0
2026-03-07,BFS,,0
2026-03-08,BFS,,0
2026-03-09,BFS,,0
2026-03-06,BG,,0
2026-03-07,BG,,0
2026-03-08,BG,,0
2026-03-09,BG,,0
2026-03-06,BGC,,0
2026-03-07,BGC,,0
2026-03-08,BGC,,0
2026-03-09,BGC,,0
2026-03-06,BHE,,0
2026-03-07,BHE,,0
2026-03-08,BHE,,0
2026-03-09,BHE,,0
2026-03-06,BHF,,0
2026-03-07,BHF,,0
2026-03-08,BHF,,0
2026-03-09,BHF,,0
2026-03-06,BIIB,,0
2026-03-07,BIIB,,0
2026-03-08,BIIB,,0
2026-03-09,BIIB,,0
2026-03-06,BILL,,0
2026-03-07,BILL,,0
2026-03-08,BILL,,0
2026-03-09,BILL,,0
2026-03-06,BIO,,0
2026-03-07,BIO,,0
2026-03-08,BIO,,0
2026-03-09,BIO,,0
2026-03-06,BJ,,0
2026-03-07,BJ,,0
2026-03-08,BJ,,0
2026-03-09,BJ,,0
2026-03-06,BJRI,,0
2026-03-07,BJRI,,0
2026-03-08,BJRI,,0
2026-03-09,BJRI,,0
2026-03-06,BK,,0
2026-03-07,BK,,0
2026-03-08,BK,,0
2026-03-09,BK,,0
2026-03-06,BKE,,0
2026-03-07,BKE,,0
2026-03-08,BKE,,0
2026-03-09,BKE,,0
2026-03-06,BKH,,0
2026-03-07,BKH,,0
2026-03-08,BKH,,0
2026-03-09,BKH,,0
2026-03-06,BKNG,,0
2026-03-07,BKNG,,0
2026-03-08,BKNG,,0
2026-03-09,BKNG,,0
2026-03-06,BKR,,0
2026-03-07,BKR,,0
2026-03-08,BKR,,0
2026-03-09,BKR,,0
2026-03-06,BKU,,0
2026-03-07,BKU,,0
2026-03-08,BKU,,0
2026-03-09,BKU,,0
2026-03-06,BL,,0
2026-03-07,BL,,0
2026-03-08,BL,,0
2026-03-09,BL,,0
2026-03-06,BLD,,0
2026-03-07,BLD,,0
2026-03-08,BLD,,0
2026-03-09,BLD,,0
2026-03-06,BLDR,,0
2026-03-07,BLDR,,0
2026-03-08,BLDR,,0
2026-03-09,BLDR,,0
2026-03-06,BLFS,,0
2026-03-07,BLFS,,0
2026-03-08,BLFS,,0
2026-03-09,BLFS,,0
2026-03-06,BLK,,0
2026-03-07,BLK,,0
2026-03-08,BLK,,0
2026-03-09,BLK,,0
2026-03-06,BLKB,,0
2026-03-07,BLKB,,0
2026-03-08,BLKB,,0
2026-03-09,BLKB,,0
2026-03-06,BLMN,,0
2026-03-07,BLMN,,0
2026-03-08,BLMN,,0
2026-03-09,BLMN,,0
2026-03-06,BMI,,0
2026-03-07,BMI,,0
2026-03-08,BMI,,0
2026-03-09,BMI,,0
2026-03-06,BMRN,,0
2026-03-07,BMRN,,0
2026-03-08,BMRN,,0
2026-03-09,BMRN,,0
2026-03-06,BMY,,0
2026-03-07,BMY,,0
2026-03-08,BMY,,0
2026-03-09,BMY,,0
2026-03-06,BOH,,0
2026-03-07,BOH,,0
2026-03-08,BOH,,0
2026-03-09,BOH,,0
2026-03-06,BOOT,,0
2026-03-07,BOOT,,0
2026-03-08,BOOT,,0
2026-03-09,BOOT,,0
2026-03-06,BOX,,0
2026-03-07,BOX,,0
2026-03-08,BOX,,0
2026-03-09,BOX,,0
2026-03-06,BR,,0
2026-03-07,BR,,0
2026-03-08,BR,,0
2026-03-09,BR,,0
2026-03-06,BRBR,,0
2026-03-07,BRBR,,0
2026-03-08,BRBR,,0
2026-03-09,BRBR,,0
2026-03-06,BRC,,0
2026-03-07,BRC,,0
2026-03-08,BRC,,0
2026-03-09,BRC,,0
2026-03-06,BRK-B,,0
2026-03-07,BRK-B,,0
2026-03-08,BRK-B,,0
2026-03-09,BRK-B,,0
2026-03-06,BRKR,,0
2026-03-07,BRKR,,0
2026-03-08,BRKR,,0
2026-03-09,BRKR,,0
2026-03-06,BRO,,0
2026-03-07,BRO,,0
2026-03-08,BRO,,0
2026-03-09,BRO,,0
2026-03-06,BROS,,0
2026-03-07,BROS,,0
2026-03-08,BROS,,0
2026-03-09,BROS,,0
2026-03-06,BRX,,0
2026-03-07,BRX,,0
2026-03-08,BRX,,0
2026-03-09,BRX,,0
2026-03-06,BSX,,0
2026-03-07,BSX,,0
2026-03-08,BSX,,0
2026-03-09,BSX,,0
2026-03-06,BSY,,0
2026-03-07,BSY,,0
2026-03-08,BSY,,0
2026-03-09,BSY,,0
2026-03-06,BTSG,,0
2026-03-07,BTSG,,0
2026-03-08,BTSG,,0
2026-03-09,BTSG,,0
2026-03-06,BTU,,0
2026-03-07,BTU,,0
2026-03-08,BTU,,0
2026-03-09,BTU,,0
2026-03-06,BURL,,0
2026-03-07,BURL,,0
2026-03-08,BURL,,0
2026-03-09,BURL,,0
2026-03-06,BWA,,0
2026-03-07,BWA,,0
2026-03-08,BWA,,0
2026-03-09,BWA,,0
2026-03-06,BWXT,,0
2026-03-07,BWXT,,0
2026-03-08,BWXT,,0
2026-03-09,BWXT,,0
2026-03-06,BX,,0
2026-03-07,BX,,0
2026-03-08,BX,,0
2026-03-09,BX,,0
2026-03-06,BXMT,,0
2026-03-07,BXMT,,0
2026-03-08,BXMT,,0
2026-03-09,BXMT,,0
2026-03-06,BXP,,0
2026-03-07,BXP,,0
2026-03-08,BXP,,0
2026-03-09,BXP,,0
2026-03-06,BYD,,0
2026-03-07,BYD,,0
2026-03-08,BYD,,0
2026-03-09,BYD,,0
2026-03-06,C,,0
2026-03-07,C,,0
2026-03-08,C,,0
2026-03-09,C,,0
2026-03-06,CABO,,0
2026-03-07,CABO,,0
2026-03-08,CABO,,0
2026-03-09,CABO,,0
2026-03-06,CACI,,0
2026-03-07,CACI,,0
2026-03-08,CACI,,0
2026-03-09,CACI,,0
2026-03-06,CAG,,0
2026-03-07,CAG,,0
2026-03-08,CAG,,0
2026-03-09,CAG,,0
2026-03-06,CAH,,0
2026-03-07,CAH,,0
2026-03-08,CAH,,0
2026-03-09,CAH,,0
2026-03-06,CAKE,,0
2026-03-07,CAKE,,0
2026-03-08,CAKE,,0
2026-03-09,CAKE,,0
2026-03-06,CALM,,0
2026-03-07,CALM,,0
2026-03-08,CALM,,0
2026-03-09,CALM,,0
2026-03-06,CALX,,0
2026-03-07,CALX,,0
2026-03-08,CALX,,0
2026-03-09,CALX,,0
2026-03-06,CAR,,0
2026-03-07,CAR,,0
2026-03-08,CAR,,0
2026-03-09,CAR,,0
2026-03-06,CARG,,0
2026-03-07,CARG,,0
2026-03-08,CARG,,0
2026-03-09,CARG,,0
2026-03-06,CARR,,0
2026-03-07,CARR,,0
2026-03-08,CARR,,0
2026-03-09,CARR,,0
2026-03-06,CARS,,0
2026-03-07,CARS,,0
2026-03-08,CARS,,0
2026-03-09,CARS,,0
2026-03-06,CART,,0
2026-03-07,CART,,0
2026-03-08,CART,,0
2026-03-09,CART,,0
2026-03-06,CASH,,0
2026-03-07,CASH,,0
2026-03-08,CASH,,0
2026-03-09,CASH,,0
2026-03-06,CASY,,0
2026-03-07,CASY,,0
2026-03-08,CASY,,0
2026-03-09,CASY,,0
2026-03-06,CAT,,0
2026-03-07,CAT,,0
2026-03-08,CAT,,0
2026-03-09,CAT,,0
2026-03-06,CATY,,0
2026-03-07,CATY,,0
2026-03-08,CATY,,0
2026-03-09,CATY,,0
2026-03-06,CAVA,,0
2026-03-07,CAVA,,0
2026-03-08,CAVA,,0
2026-03-09,CAVA,,0
2026-03-06,CB,,0
2026-03-07,CB,,0
2026-03-08,CB,,0
2026-03-09,CB,,0
2026-03-06,CBOE,,0
2026-03-07,CBOE,,0
2026-03-08,CBOE,,0
2026-03-09,CBOE,,0
2026-03-06,CBRE,,0
2026-03-07,CBRE,,0
2026-03-08,CBRE,,0
2026-03-09,CBRE,,0
2026-03-06,CBRL,,0
2026-03-07,CBRL,,0
2026-03-08,CBRL,,0
2026-03-09,CBRL,,0
2026-03-06,CBSH,,0
2026-03-07,CBSH,,0
2026-03-08,CBSH,,0
2026-03-09,CBSH,,0
2026-03-06,CBT,,0
2026-03-07,CBT,,0
2026-03-08,CBT,,0
2026-03-09,CBT,,0
2026-03-06,CBU,,0
2026-03-07,CBU,,0
2026-03-08,CBU,,0
2026-03-09,CBU,,0
2026-03-06,CC,,0
2026-03-07,CC,,0
2026-03-08,CC,,0
2026-03-09,CC,,0
2026-03-06,CCI,,0
2026-03-07,CCI,,0
2026-03-08,CCI,,0
2026-03-09,CCI,,0
2026-03-06,CCK,,0
2026-03-07,CCK,,0
2026-03-08,CCK,,0
2026-03-09,CCK,,0
2026-03-06,CCL,,0
2026-03-07,CCL,,0
2026-03-08,CCL,,0
2026-03-09,CCL,,0
2026-03-06,CCOI,,0
2026-03-07,CCOI,,0
2026-03-08,CCOI,,0
2026-03-09,CCOI,,0
2026-03-06,CCS,,0
2026-03-07,CCS,,0
2026-03-08,CCS,,0
2026-03-09,CCS,,0
2026-03-06,CDNS,,0
2026-03-07,CDNS,,0
2026-03-08,CDNS,,0
2026-03-09,CDNS,,0
2026-03-06,CDP,,0
2026-03-07,CDP,,0
2026-03-08,CDP,,0
2026-03-09,CDP,,0
2026-03-06,CDW,,0
2026-03-07,CDW,,0
2026-03-08,CDW,,0
2026-03-09,CDW,,0
2026-03-06,CE,,0
2026-03-07,CE,,0
2026-03-08,CE,,0
2026-03-09,CE,,0
2026-03-06,CEG,,0
2026-03-07,CEG,,0
2026-03-08,CEG,,0
2026-03-09,CEG,,0
2026-03-06,CELH,,0
2026-03-07,CELH,,0
2026-03-08,CELH,,0
2026-03-09,CELH,,0
2026-03-06,CENT,,0
2026-03-07,CENT,,0
2026-03-08,CENT,,0
2026-03-09,CENT,,0
2026-03-06,CENTA,,0
2026-03-07,CENTA,,0
2026-03-08,CENTA,,0
2026-03-09,CENTA,,0
2026-03-06,CENX,,0
2026-03-07,CENX,,0
2026-03-08,CENX,,0
2026-03-09,CENX,,0
2026-03-06,CERT,,0
2026-03-07,CERT,,0
2026-03-08,CERT,,0
2026-03-09,CERT,,0
2026-03-06,CF,,0
2026-03-07,CF,,0
2026-03-08,CF,,0
2026-03-09,CF,,0
2026-03-06,CFFN,,0
2026-03-07,CFFN,,0
2026-03-08,CFFN,,0
2026-03-09,CFFN,,0
2026-03-06,CFG,,0
2026-03-07,CFG,,0
2026-03-08,CFG,,0
2026-03-09,CFG,,0
2026-03-06,CFR,,0
2026-03-07,CFR,,0
2026-03-08,CFR,,0
2026-03-09,CFR,,0
2026-03-06,CG,,0
2026-03-07,CG,,0
2026-03-08,CG,,0
2026-03-09,CG,,0
2026-03-06,CGNX,,0
2026-03-07,CGNX,,0
2026-03-08,CGNX,,0
2026-03-09,CGNX,,0
2026-03-06,CHCO,,0
2026-03-07,CHCO,,0
2026-03-08,CHCO,,0
2026-03-09,CHCO,,0
2026-03-06,CHD,,0
2026-03-07,CHD,,0
2026-03-08,CHD,,0
2026-03-09,CHD,,0
2026-03-06,CHDN,,0
2026-03-07,CHDN,,0
2026-03-08,CHDN,,0
2026-03-09,CHDN,,0
2026-03-06,CHE,,0
2026-03-07,CHE,,0
2026-03-08,CHE,,0
2026-03-09,CHE,,0
2026-03-06,CHEF,,0
2026-03-07,CHEF,,0
2026-03-08,CHEF,,0
2026-03-09,CHEF,,0
2026-03-06,CHH,,0
2026-03-07,CHH,,0
2026-03-08,CHH,,0
2026-03-09,CHH,,0
2026-03-06,CHRD,,0
2026-03-07,CHRD,,0
2026-03-08,CHRD,,0
2026-03-09,CHRD,,0
2026-03-06,CHRW,,0
2026-03-07,CHRW,,0
2026-03-08,CHRW,,0
2026-03-09,CHRW,,0
2026-03-06,CHTR,,0
2026-03-07,CHTR,,0
2026-03-08,CHTR,,0
2026-03-09,CHTR,,0
2026-03-06,CHWY,,0
2026-03-07,CHWY,,0
2026-03-08,CHWY,,0
2026-03-09,CHWY,,0
2026-03-06,CI,,0
2026-03-07,CI,,0
2026-03-08,CI,,0
2026-03-09,CI,,0
2026-03-06,CIEN,,0
2026-03-07,CIEN,,0
2026-03-08,CIEN,,0
2026-03-09,CIEN,,0
2026-03-06,CINF,,0
2026-03-07,CINF,,0
2026-03-08,CINF,,0
2026-03-09,CINF,,0
2026-03-06,CL,,0
2026-03-07,CL,,0
2026-03-08,CL,,0
2026-03-09,CL,,0
2026-03-06,CLB,,0
2026-03-07,CLB,,0
2026-03-08,CLB,,0
2026-03-09,CLB,,0
2026-03-06,CLF,,0
2026-03-07,CLF,,0
2026-03-08,CLF,,0
2026-03-09,CLF,,0
2026-03-06,CLH,,0
2026-03-07,CLH,,0
2026-03-08,CLH,,0
2026-03-09,CLH,,0
2026-03-06,CLSK,,0
2026-03-07,CLSK,,0
2026-03-08,CLSK,,0
2026-03-09,CLSK,,0
2026-03-06,CLX,,0
2026-03-07,CLX,,0
2026-03-08,CLX,,0
2026-03-09,CLX,,0
2026-03-06,CMC,,0
2026-03-07,CMC,,0
2026-03-08,CMC,,0
2026-03-09,CMC,,0
2026-03-06,CMCSA,,0
2026-03-07,CMCSA,,0
2026-03-08,CMCSA,,0
2026-03-09,CMCSA,,0
2026-03-06,CME,,0
2026-03-07,CME,,0
2026-03-08,CME,,0
2026-03-09,CME,,0
2026-03-06,CMG,,0
2026-03-07,CMG,,0
2026-03-08,CMG,,0
2026-03-09,CMG,,0
2026-03-06,CMI,,0
2026-03-07,CMI,,0
2026-03-08,CMI,,0
2026-03-09,CMI,,0
2026-03-06,CMS,,0
2026-03-07,CMS,,0
2026-03-08,CMS,,0
2026-03-09,CMS,,0
2026-03-06,CNC,,0
2026-03-07,CNC,,0
2026-03-08,CNC,,0
2026-03-09,CNC,,0
2026-03-06,CNH,,0
2026-03-07,CNH,,0
2026-03-08,CNH,,0
2026-03-09,CNH,,0
2026-03-06,CNK,,0
2026-03-07,CNK,,0
2026-03-08,CNK,,0
2026-03-09,CNK,,0
2026-03-06,CNM,,0
2026-03-07,CNM,,0
2026-03-08,CNM,,0
2026-03-09,CNM,,0
2026-03-06,CNMD,,0
2026-03-07,CNMD,,0
2026-03-08,CNMD,,0
2026-03-09,CNMD,,0
2026-03-06,CNO,,0
2026-03-07,CNO,,0
2026-03-08,CNO,,0
2026-03-09,CNO,,0
2026-03-06,CNP,,0
2026-03-07,CNP,,0
2026-03-08,CNP,,0
2026-03-09,CNP,,0
2026-03-06,CNR,,0
2026-03-07,CNR,,0
2026-03-08,CNR,,0
2026-03-09,CNR,,0
2026-03-06,CNS,,0
2026-03-07,CNS,,0
2026-03-08,CNS,,0
2026-03-09,CNS,,0
2026-03-06,CNX,,0
2026-03-07,CNX,,0
2026-03-08,CNX,,0
2026-03-09,CNX,,0
2026-03-06,CNXC,,0
2026-03-07,CNXC,,0
2026-03-08,CNXC,,0
2026-03-09,CNXC,,0
2026-03-06,CNXN,,0
2026-03-07,CNXN,,0
2026-03-08,CNXN,,0
2026-03-09,CNXN,,0
2026-03-06,COF,,0
2026-03-07,COF,,0
2026-03-08,COF,,0
2026-03-09,COF,,0
2026-03-06,COHR,,0
2026-03-07,COHR,,0
2026-03-08,COHR,,0
2026-03-09,COHR,,0
2026-03-06,COHU,,0
2026-03-07,COHU,,0
2026-03-08,COHU,,0
2026-03-09,COHU,,0
2026-03-06,COIN,,0
2026-03-07,COIN,,0
2026-03-08,COIN,,0
2026-03-09,COIN,,0
2026-03-06,COKE,,0
2026-03-07,COKE,,0
2026-03-08,COKE,,0
2026-03-09,COKE,,0
2026-03-06,COLB,,0
2026-03-07,COLB,,0
2026-03-08,COLB,,0
2026-03-09,COLB,,0
2026-03-06,COLL,,0
2026-03-07,COLL,,0
2026-03-08,COLL,,0
2026-03-09,COLL,,0
2026-03-06,COLM,,0
2026-03-07,COLM,,0
2026-03-08,COLM,,0
2026-03-09,COLM,,0
2026-03-06,CON,,0
2026-03-07,CON,,0
2026-03-08,CON,,0
2026-03-09,CON,,0
2026-03-06,COO,,0
2026-03-07,COO,,0
2026-03-08,COO,,0
2026-03-09,COO,,0
2026-03-06,COP,,0
2026-03-07,COP,,0
2026-03-08,COP,,0
2026-03-09,COP,,0
2026-03-06,COR,,0
2026-03-07,COR,,0
2026-03-08,COR,,0
2026-03-09,COR,,0
2026-03-06,CORT,,0
2026-03-07,CORT,,0
2026-03-08,CORT,,0
2026-03-09,CORT,,0
2026-03-06,COST,,0
2026-03-07,COST,,0
2026-03-08,COST,,0
2026-03-09,COST,,0
2026-03-06,COTY,,0
2026-03-07,COTY,,0
2026-03-08,COTY,,0
2026-03-09,COTY,,0
2026-03-06,CPAY,,0
2026-03-07,CPAY,,0
2026-03-08,CPAY,,0
2026-03-09,CPAY,,0
2026-03-06,CPB,,0
2026-03-07,CPB,,0
2026-03-08,CPB,,0
2026-03-09,CPB,,0
2026-03-06,CPF,,0
2026-03-07,CPF,,0
2026-03-08,CPF,,0
2026-03-09,CPF,,0
2026-03-06,CPK,,0
2026-03-07,CPK,,0
2026-03-08,CPK,,0
2026-03-09,CPK,,0
2026-03-06,CPRI,,0
2026-03-07,CPRI,,0
2026-03-08,CPRI,,0
2026-03-09,CPRI,,0
2026-03-06,CPRT,,0
2026-03-07,CPRT,,0
2026-03-08,CPRT,,0
2026-03-09,CPRT,,0
2026-03-06,CPRX,,0
2026-03-07,CPRX,,0
2026-03-08,CPRX,,0
2026-03-09,CPRX,,0
2026-03-06,CPT,,0
2026-03-07,CPT,,0
2026-03-08,CPT,,0
2026-03-09,CPT,,0
2026-03-06,CR,,0
2026-03-07,CR,,0
2026-03-08,CR,,0
2026-03-09,CR,,0
2026-03-06,CRBG,,0
2026-03-07,CRBG,,0
2026-03-08,CRBG,,0
2026-03-09,CRBG,,0
2026-03-06,CRC,,0
2026-03-07,CRC,,0
2026-03-08,CRC,,0
2026-03-09,CRC,,0
2026-03-06,CRGY,,0
2026-03-07,CRGY,,0
2026-03-08,CRGY,,0
2026-03-09,CRGY,,0
2026-03-06,CRH,,0
2026-03-07,CRH,,0
2026-03-08,CRH,,0
2026-03-09,CRH,,0
2026-03-06,CRI,,0
2026-03-07,CRI,,0
2026-03-08,CRI,,0
2026-03-09,CRI,,0
2026-03-06,CRK,,0
2026-03-07,CRK,,0
2026-03-08,CRK,,0
2026-03-09,CRK,,0
2026-03-06,CRL,,0
2026-03-07,CRL,,0
2026-03-08,CRL,,0
2026-03-09,CRL,,0
2026-03-06,CRM,,0
2026-03-07,CRM,,0
2026-03-08,CRM,,0
2026-03-09,CRM,,0
2026-03-06,CROX,,0
2026-03-07,CROX,,0
2026-03-08,CROX,,0
2026-03-09,CROX,,0
2026-03-06,CRS,,0
2026-03-07,CRS,,0
2026-03-08,CRS,,0
2026-03-09,CRS,,0
2026-03-06,CRSR,,0
2026-03-07,CRSR,,0
2026-03-08,CRSR,,0
2026-03-09,CRSR,,0
2026-03-06,CRUS,,0
2026-03-07,CRUS,,0
2026-03-08,CRUS,,0
2026-03-09,CRUS,,0
2026-03-06,CRVL,,0
2026-03-07,CRVL,,0
2026-03-08,CRVL,,0
2026-03-09,CRVL,,0
2026-03-06,CRWD,,0
2026-03-07,CRWD,,0
2026-03-08,CRWD,,0
2026-03-09,CRWD,,0
2026-03-06,CSCO,,0
2026-03-07,CSCO,,0
2026-03-08,CSCO,,0
2026-03-09,CSCO,,0
2026-03-06,CSGP,,0
2026-03-07,CSGP,,0
2026-03-08,CSGP,,0
2026-03-09,CSGP,,0
2026-03-06,CSGS,,0
2026-03-07,CSGS,,0
2026-03-08,CSGS,,0
2026-03-09,CSGS,,0
2026-03-06,CSL,,0
2026-03-07,CSL,,0
2026-03-08,CSL,,0
2026-03-09,CSL,,0
2026-03-06,CSR,,0
2026-03-07,CSR,,0
2026-03-08,CSR,,0
2026-03-09,CSR,,0
2026-03-06,CSW,,0
2026-03-07,CSW,,0
2026-03-08,CSW,,0
2026-03-09,CSW,,0
2026-03-06,CSX,,0
2026-03-07,CSX,,0
2026-03-08,CSX,,0
2026-03-09,CSX,,0
2026-03-06,CTAS,,0
2026-03-07,CTAS,,0
2026-03-08,CTAS,,0
2026-03-09,CTAS,,0
2026-03-06,CTKB,,0
2026-03-07,CTKB,,0
2026-03-08,CTKB,,0
2026-03-09,CTKB,,0
2026-03-06,CTRA,,0
2026-03-07,CTRA,,0
2026-03-08,CTRA,,0
2026-03-09,CTRA,,0
2026-03-06,CTRE,,0
2026-03-07,CTRE,,0
2026-03-08,CTRE,,0
2026-03-09,CTRE,,0
2026-03-06,CTS,,0
2026-03-07,CTS,,0
2026-03-08,CTS,,0
2026-03-09,CTS,,0
2026-03-06,CTSH,,0
2026-03-07,CTSH,,0
2026-03-08,CTSH,,0
2026-03-09,CTSH,,0
2026-03-06,CTVA,,0
2026-03-07,CTVA,,0
2026-03-08,CTVA,,0
2026-03-09,CTVA,,0
2026-03-06,CUBE,,0
2026-03-07,CUBE,,0
2026-03-08,CUBE,,0
2026-03-09,CUBE,,0
2026-03-06,CUBI,,0
2026-03-07,CUBI,,0
2026-03-08,CUBI,,0
2026-03-09,CUBI,,0
2026-03-06,CURB,,0
2026-03-07,CURB,,0
2026-03-08,CURB,,0
2026-03-09,CURB,,0
2026-03-06,CUZ,,0
2026-03-07,CUZ,,0
2026-03-08,CUZ,,0
2026-03-09,CUZ,,0
2026-03-06,CVBF,,0
2026-03-07,CVBF,,0
2026-03-08,CVBF,,0
2026-03-09,CVBF,,0
2026-03-06,CVCO,,0
2026-03-07,CVCO,,0
2026-03-08,CVCO,,0
2026-03-09,CVCO,,0
2026-03-06,CVI,,0
2026-03-07,CVI,,0
2026-03-08,CVI,,0
2026-03-09,CVI,,0
2026-03-06,CVLT,,0
2026-03-07,CVLT,,0
2026-03-08,CVLT,,0
2026-03-09,CVLT,,0
2026-03-06,CVNA,,0
2026-03-07,CVNA,,0
2026-03-08,CVNA,,0
2026-03-09,CVNA,,0
2026-03-06,CVS,,0
2026-03-07,CVS,,0
2026-03-08,CVS,,0
2026-03-09,CVS,,0
2026-03-06,CVX,,0
2026-03-07,CVX,,0
2026-03-08,CVX,,0
2026-03-09,CVX,,0
2026-03-06,CW,,0
2026-03-07,CW,,0
2026-03-08,CW,,0
2026-03-09,CW,,0
2026-03-06,CWEN,,0
2026-03-07,CWEN,,0
2026-03-08,CWEN,,0
2026-03-09,CWEN,,0
2026-03-06,CWEN-A,,0
2026-03-07,CWEN-A,,0
2026-03-08,CWEN-A,,0
2026-03-09,CWEN-A,,0
2026-03-06,CWK,,0
2026-03-07,CWK,,0
2026-03-08,CWK,,0
2026-03-09,CWK,,0
2026-03-06,CWST,,0
2026-03-07,CWST,,0
2026-03-08,CWST,,0
2026-03-09,CWST,,0
2026-03-06,CWT,,0
2026-03-07,CWT,,0
2026-03-08,CWT,,0
2026-03-09,CWT,,0
2026-03-06,CXM,,0
2026-03-07,CXM,,0
2026-03-08,CXM,,0
2026-03-09,CXM,,0
2026-03-06,CXT,,0
2026-03-07,CXT,,0
2026-03-08,CXT,,0
2026-03-09,CXT,,0
2026-03-06,CXW,,0
2026-03-07,CXW,,0
2026-03-08,CXW,,0
2026-03-09,CXW,,0
2026-03-06,CYTK,,0
2026-03-07,CYTK,,0
2026-03-08,CYTK,,0
2026-03-09,CYTK,,0
2026-03-06,CZR,,0
2026-03-07,CZR,,0
2026-03-08,CZR,,0
2026-03-09,CZR,,0
2026-03-06,D,,0
2026-03-07,D,,0
2026-03-08,D,,0
2026-03-09,D,,0
2026-03-06,DAL,,0
2026-03-07,DAL,,0
2026-03-08,DAL,,0
2026-03-09,DAL,,0
2026-03-06,DAN,,0
2026-03-07,DAN,,0
2026-03-08,DAN,,0
2026-03-09,DAN,,0
2026-03-06,DAR,,0
2026-03-07,DAR,,0
2026-03-08,DAR,,0
2026-03-09,DAR,,0
2026-03-06,DASH,,0
2026-03-07,DASH,,0
2026-03-08,DASH,,0
2026-03-09,DASH,,0
2026-03-06,DBX,,0
2026-03-07,DBX,,0
2026-03-08,DBX,,0
2026-03-09,DBX,,0
2026-03-06,DCI,,0
2026-03-07,DCI,,0
2026-03-08,DCI,,0
2026-03-09,DCI,,0
2026-03-06,DCOM,,0
2026-03-07,DCOM,,0
2026-03-08,DCOM,,0
2026-03-09,DCOM,,0
2026-03-06,DD,,0
2026-03-07,DD,,0
2026-03-08,DD,,0
2026-03-09,DD,,0
2026-03-06,DDOG,,0
2026-03-07,DDOG,,0
2026-03-08,DDOG,,0
2026-03-09,DDOG,,0
2026-03-06,DE,,0
2026-03-07,DE,,0
2026-03-08,DE,,0
2026-03-09,DE,,0
2026-03-06,DEA,,0
2026-03-07,DEA,,0
2026-03-08,DEA,,0
2026-03-09,DEA,,0
2026-03-06,DECK,,0
2026-03-07,DECK,,0
2026-03-08,DECK,,0
2026-03-09,DECK,,0
2026-03-06,DEI,,0
2026-03-07,DEI,,0
2026-03-08,DEI,,0
2026-03-09,DEI,,0
2026-03-06,DELL,,0
2026-03-07,DELL,,0
2026-03-08,DELL,,0
2026-03-09,DELL,,0
2026-03-06,DFH,,0
2026-03-07,DFH,,0
2026-03-08,DFH,,0
2026-03-09,DFH,,0
2026-03-06,DFIN,,0
2026-03-07,DFIN,,0
2026-03-08,DFIN,,0
2026-03-09,DFIN,,0
2026-03-06,DG,,0
2026-03-07,DG,,0
2026-03-08,DG,,0
2026-03-09,DG,,0
2026-03-06,DGII,,0
2026-03-07,DGII,,0
2026-03-08,DGII,,0
2026-03-09,DGII,,0
2026-03-06,DGX,,0
2026-03-07,DGX,,0
2026-03-08,DGX,,0
2026-03-09,DGX,,0
2026-03-06,DHI,,0
2026-03-07,DHI,,0
2026-03-08,DHI,,0
2026-03-09,DHI,,0
2026-03-06,DHR,,0
2026-03-07,DHR,,0
2026-03-08,DHR,,0
2026-03-09,DHR,,0
2026-03-06,DINO,,0
2026-03-07,DINO,,0
2026-03-08,DINO,,0
2026-03-09,DINO,,0
2026-03-06,DIOD,,0
2026-03-07,DIOD,,0
2026-03-08,DIOD,,0
2026-03-09,DIOD,,0
2026-03-06,DIS,,0
2026-03-07,DIS,,0
2026-03-08,DIS,,0
2026-03-09,DIS,,0
2026-03-06,DKS,,0
2026-03-07,DKS,,0
2026-03-08,DKS,,0
2026-03-09,DKS,,0
2026-03-06,DLB,,0
2026-03-07,DLB,,0
2026-03-08,DLB,,0
2026-03-09,DLB,,0
2026-03-06,DLR,,0
2026-03-07,DLR,,0
2026-03-08,DLR,,0
2026-03-09,DLR,,0
2026-03-06,DLTR,,0
2026-03-07,DLTR,,0
2026-03-08,DLTR,,0
2026-03-09,DLTR,,0
2026-03-06,DLX,,0
2026-03-07,DLX,,0
2026-03-08,DLX,,0
2026-03-09,DLX,,0
2026-03-06,DNOW,,0
2026-03-07,DNOW,,0
2026-03-08,DNOW,,0
2026-03-09,DNOW,,0
2026-03-06,DOC,,0
2026-03-07,DOC,,0
2026-03-08,DOC,,0
2026-03-09,DOC,,0
2026-03-06,DOCN,,0
2026-03-07,DOCN,,0
2026-03-08,DOCN,,0
2026-03-09,DOCN,,0
2026-03-06,DOCS,,0
2026-03-07,DOCS,,0
2026-03-08,DOCS,,0
2026-03-09,DOCS,,0
2026-03-06,DOCU,,0
2026-03-07,DOCU,,0
2026-03-08,DOCU,,0
2026-03-09,DOCU,,0
2026-03-06,DORM,,0
2026-03-07,DORM,,0
2026-03-08,DORM,,0
2026-03-09,DORM,,0
2026-03-06,DOV,,0
2026-03-07,DOV,,0
2026-03-08,DOV,,0
2026-03-09,DOV,,0
2026-03-06,DOW,,0
2026-03-07,DOW,,0
2026-03-08,DOW,,0
2026-03-09,DOW,,0
2026-03-06,DPZ,,0
2026-03-07,DPZ,,0
2026-03-08,DPZ,,0
2026-03-09,DPZ,,0
2026-03-06,DRH,,0
2026-03-07,DRH,,0
2026-03-08,DRH,,0
2026-03-09,DRH,,0
2026-03-06,DRI,,0
2026-03-07,DRI,,0
2026-03-08,DRI,,0
2026-03-09,DRI,,0
2026-03-06,DT,,0
2026-03-07,DT,,0
2026-03-08,DT,,0
2026-03-09,DT,,0
2026-03-06,DTE,,0
2026-03-07,DTE,,0
2026-03-08,DTE,,0
2026-03-09,DTE,,0
2026-03-06,DTM,,0
2026-03-07,DTM,,0
2026-03-08,DTM,,0
2026-03-09,DTM,,0
2026-03-06,DUK,,0
2026-03-07,DUK,,0
2026-03-08,DUK,,0
2026-03-09,DUK,,0
2026-03-06,DUOL,,0
2026-03-07,DUOL,,0
2026-03-08,DUOL,,0
2026-03-09,DUOL,,0
2026-03-06,DV,,0
2026-03-07,DV,,0
2026-03-08,DV,,0
2026-03-09,DV,,0
2026-03-06,DVA,,0
2026-03-07,DVA,,0
2026-03-08,DVA,,0
2026-03-09,DVA,,0
2026-03-06,DVN,,0
2026-03-07,DVN,,0
2026-03-08,DVN,,0
2026-03-09,DVN,,0
2026-03-06,DXC,,0
2026-03-07,DXC,,0
2026-03-08,DXC,,0
2026-03-09,DXC,,0
2026-03-06,DXCM,,0
2026-03-07,DXCM,,0
2026-03-08,DXCM,,0
2026-03-09,DXCM,,0
2026-03-06,DXPE,,0
2026-03-07,DXPE,,0
2026-03-08,DXPE,,0
2026-03-09,DXPE,,0
2026-03-06,DY,,0
2026-03-07,DY,,0
2026-03-08,DY,,0
2026-03-09,DY,,0
2026-03-06,EA,,0
2026-03-07,EA,,0
2026-03-08,EA,,0
2026-03-09,EA,,0
2026-03-06,EAT,,0
2026-03-07,EAT,,0
2026-03-08,EAT,,0
2026-03-09,EAT,,0
2026-03-06,EBAY,,0
2026-03-07,EBAY,,0
2026-03-08,EBAY,,0
2026-03-09,EBAY,,0
2026-03-06,ECG,,0
2026-03-07,ECG,,0
2026-03-08,ECG,,0
2026-03-09,ECG,,0
2026-03-06,ECL,,0
2026-03-07,ECL,,0
2026-03-08,ECL,,0
2026-03-09,ECL,,0
2026-03-06,ECPG,,0
2026-03-07,ECPG,,0
2026-03-08,ECPG,,0
2026-03-09,ECPG,,0
2026-03-06,ED,,0
2026-03-07,ED,,0
2026-03-08,ED,,0
2026-03-09,ED,,0
2026-03-06,EEFT,,0
2026-03-07,EEFT,,0
2026-03-08,EEFT,,0
2026-03-09,EEFT,,0
2026-03-06,EFC,,0
2026-03-07,EFC,,0
2026-03-08,EFC,,0
2026-03-09,EFC,,0
2026-03-06,EFX,,0
2026-03-07,EFX,,0
2026-03-08,EFX,,0
2026-03-09,EFX,,0
2026-03-06,EG,,0
2026-03-07,EG,,0
2026-03-08,EG,,0
2026-03-09,EG,,0
2026-03-06,EGBN,,0
2026-03-07,EGBN,,0
2026-03-08,EGBN,,0
2026-03-09,EGBN,,0
2026-03-06,EGP,,0
2026-03-07,EGP,,0
2026-03-08,EGP,,0
2026-03-09,EGP,,0
2026-03-06,EHC,,0
2026-03-07,EHC,,0
2026-03-08,EHC,,0
2026-03-09,EHC,,0
2026-03-06,EIG,,0
2026-03-07,EIG,,0
2026-03-08,EIG,,0
2026-03-09,EIG,,0
2026-03-06,EIX,,0
2026-03-07,EIX,,0
2026-03-08,EIX,,0
2026-03-09,EIX,,0
2026-03-06,EL,,0
2026-03-07,EL,,0
2026-03-08,EL,,0
2026-03-09,EL,,0
2026-03-06,ELAN,,0
2026-03-07,ELAN,,0
2026-03-08,ELAN,,0
2026-03-09,ELAN,,0
2026-03-06,ELF,,0
2026-03-07,ELF,,0
2026-03-08,ELF,,0
2026-03-09,ELF,,0
2026-03-06,ELS,,0
2026-03-07,ELS,,0
2026-03-08,ELS,,0
2026-03-09,ELS,,0
2026-03-06,ELV,,0
2026-03-07,ELV,,0
2026-03-08,ELV,,0
2026-03-09,ELV,,0
2026-03-06,EMBC,,0
2026-03-07,EMBC,,0
2026-03-08,EMBC,,0
2026-03-09,EMBC,,0
2026-03-06,EME,,0
2026-03-07,EME,,0
2026-03-08,EME,,0
2026-03-09,EME,,0
2026-03-06,EMN,,0
2026-03-07,EMN,,0
2026-03-08,EMN,,0
2026-03-09,EMN,,0
2026-03-06,EMR,,0
2026-03-07,EMR,,0
2026-03-08,EMR,,0
2026-03-09,EMR,,0
2026-03-06,ENOV,,0
2026-03-07,ENOV,,0
2026-03-08,ENOV,,0
2026-03-09,ENOV,,0
2026-03-06,ENPH,,0
2026-03-07,ENPH,,0
2026-03-08,ENPH,,0
2026-03-09,ENPH,,0
2026-03-06,ENR,,0
2026-03-07,ENR,,0
2026-03-08,ENR,,0
2026-03-09,ENR,,0
2026-03-06,ENS,,0
2026-03-07,ENS,,0
2026-03-08,ENS,,0
2026-03-09,ENS,,0
2026-03-06,ENSG,,0
2026-03-07,ENSG,,0
2026-03-08,ENSG,,0
2026-03-09,ENSG,,0
2026-03-06,ENTG,,0
2026-03-07,ENTG,,0
2026-03-08,ENTG,,0
2026-03-09,ENTG,,0
2026-03-06,ENVA,,0
2026-03-07,ENVA,,0
2026-03-08,ENVA,,0
2026-03-09,ENVA,,0
2026-03-06,EOG,,0
2026-03-07,EOG,,0
2026-03-08,EOG,,0
2026-03-09,EOG,,0
2026-03-06,EPAC,,0
2026-03-07,EPAC,,0
2026-03-08,EPAC,,0
2026-03-09,EPAC,,0
2026-03-06,EPAM,,0
2026-03-07,EPAM,,0
2026-03-08,EPAM,,0
2026-03-09,EPAM,,0
2026-03-06,EPC,,0
2026-03-07,EPC,,0
2026-03-08,EPC,,0
2026-03-09,EPC,,0
2026-03-06,EPR,,0
2026-03-07,EPR,,0
2026-03-08,EPR,,0
2026-03-09,EPR,,0
2026-03-06,EPRT,,0
2026-03-07,EPRT,,0
2026-03-08,EPRT,,0
2026-03-09,EPRT,,0
2026-03-06,EQH,,0
2026-03-07,EQH,,0
2026-03-08,EQH,,0
2026-03-09,EQH,,0
2026-03-06,EQIX,,0
2026-03-07,EQIX,,0
2026-03-08,EQIX,,0
2026-03-09,EQIX,,0
2026-03-06,EQR,,0
2026-03-07,EQR,,0
2026-03-08,EQR,,0
2026-03-09,EQR,,0
2026-03-06,EQT,,0
2026-03-07,EQT,,0
2026-03-08,EQT,,0
2026-03-09,EQT,,0
2026-03-06,ERIE,,0
2026-03-07,ERIE,,0
2026-03-08,ERIE,,0
2026-03-09,ERIE,,0
2026-03-06,ES,,0
2026-03-07,ES,,0
2026-03-08,ES,,0
2026-03-09,ES,,0
2026-03-06,ESAB,,0
2026-03-07,ESAB,,0
2026-03-08,ESAB,,0
2026-03-09,ESAB,,0
2026-03-06,ESE,,0
2026-03-07,ESE,,0
2026-03-08,ESE,,0
2026-03-09,ESE,,0
2026-03-06,ESI,,0
2026-03-07,ESI,,0
2026-03-08,ESI,,0
2026-03-09,ESI,,0
2026-03-06,ESNT,,0
2026-03-07,ESNT,,0
2026-03-08,ESNT,,0
2026-03-09,ESNT,,0
2026-03-06,ESS,,0
2026-03-07,ESS,,0
2026-03-08,ESS,,0
2026-03-09,ESS,,0
2026-03-06,ETD,,0
2026-03-07,ETD,,0
2026-03-08,ETD,,0
2026-03-09,ETD,,0
2026-03-06,ETN,,0
2026-03-07,ETN,,0
2026-03-08,ETN,,0
2026-03-09,ETN,,0
2026-03-06,ETR,,0
2026-03-07,ETR,,0
2026-03-08,ETR,,0
2026-03-09,ETR,,0
2026-03-06,ETSY,,0
2026-03-07,ETSY,,0
2026-03-08,ETSY,,0
2026-03-09,ETSY,,0
2026-03-06,EVR,,0
2026-03-07,EVR,,0
2026-03-08,EVR,,0
2026-03-09,EVR,,0
2026-03-06,EVRG,,0
2026-03-07,EVRG,,0
2026-03-08,EVRG,,0
2026-03-09,EVRG,,0
2026-03-06,EVTC,,0
2026-03-07,EVTC,,0
2026-03-08,EVTC,,0
2026-03-09,EVTC,,0
2026-03-06,EW,,0
2026-03-07,EW,,0
2026-03-08,EW,,0
2026-03-09,EW,,0
2026-03-06,EWBC,,0
2026-03-07,EWBC,,0
2026-03-08,EWBC,,0
2026-03-09,EWBC,,0
2026-03-06,EXC,,0
2026-03-07,EXC,,0
2026-03-08,EXC,,0
2026-03-09,EXC,,0
2026-03-06,EXE,,0
2026-03-07,EXE,,0
2026-03-08,EXE,,0
2026-03-09,EXE,,0
2026-03-06,EXEL,,0
2026-03-07,EXEL,,0
2026-03-08,EXEL,,0
2026-03-09,EXEL,,0
2026-03-06,EXLS,,0
2026-03-07,EXLS,,0
2026-03-08,EXLS,,0
2026-03-09,EXLS,,0
2026-03-06,EXP,,0
2026-03-07,EXP,,0
2026-03-08,EXP,,0
2026-03-09,EXP,,0
2026-03-06,EXPD,,0
2026-03-07,EXPD,,0
2026-03-08,EXPD,,0
2026-03-09,EXPD,,0
2026-03-06,EXPE,,0
2026-03-07,EXPE,,0
2026-03-08,EXPE,,0
2026-03-09,EXPE,,0
2026-03-06,EXPI,,0
2026-03-07,EXPI,,0
2026-03-08,EXPI,,0
2026-03-09,EXPI,,0
2026-03-06,EXPO,,0
2026-03-07,EXPO,,0
2026-03-08,EXPO,,0
2026-03-09,EXPO,,0
2026-03-06,EXR,,0
2026-03-07,EXR,,0
2026-03-08,EXR,,0
2026-03-09,EXR,,0
2026-03-06,EXTR,,0
2026-03-07,EXTR,,0
2026-03-08,EXTR,,0
2026-03-09,EXTR,,0
2026-03-06,EYE,,0
2026-03-07,EYE,,0
2026-03-08,EYE,,0
2026-03-09,EYE,,0
2026-03-06,EZPW,,0
2026-03-07,EZPW,,0
2026-03-08,EZPW,,0
2026-03-09,EZPW,,0
2026-03-06,F,,0
2026-03-07,F,,0
2026-03-08,F,,0
2026-03-09,F,,0
2026-03-06,FAF,,0
2026-03-07,FAF,,0
2026-03-08,FAF,,0
2026-03-09,FAF,,0
2026-03-06,FANG,,0
2026-03-07,FANG,,0
2026-03-08,FANG,,0
2026-03-09,FANG,,0
2026-03-06,FAST,,0
2026-03-07,FAST,,0
2026-03-08,FAST,,0
2026-03-09,FAST,,0
2026-03-06,FBIN,,0
2026-03-07,FBIN,,0
2026-03-08,FBIN,,0
2026-03-09,FBIN,,0
2026-03-06,FBK,,0
2026-03-07,FBK,,0
2026-03-08,FBK,,0
2026-03-09,FBK,,0
2026-03-06,FBNC,,0
2026-03-07,FBNC,,0
2026-03-08,FBNC,,0
2026-03-09,FBNC,,0
2026-03-06,FBP,,0
2026-03-07,FBP,,0
2026-03-08,FBP,,0
2026-03-09,FBP,,0
2026-03-06,FBRT,,0
2026-03-07,FBRT,,0
2026-03-08,FBRT,,0
2026-03-09,FBRT,,0
2026-03-06,FCF,,0
2026-03-07,FCF,,0
2026-03-08,FCF,,0
2026-03-09,FCF,,0
2026-03-06,FCFS,,0
2026-03-07,FCFS,,0
2026-03-08,FCFS,,0
2026-03-09,FCFS,,0
2026-03-06,FCN,,0
2026-03-07,FCN,,0
2026-03-08,FCN,,0
2026-03-09,FCN,,0
2026-03-06,FCPT,,0
2026-03-07,FCPT,,0
2026-03-08,FCPT,,0
2026-03-09,FCPT,,0
2026-03-06,FCX,,0
2026-03-07,FCX,,0
2026-03-08,FCX,,0
2026-03-09,FCX,,0
2026-03-06,FDP,,0
2026-03-07,FDP,,0
2026-03-08,FDP,,0
2026-03-09,FDP,,0
2026-03-06,FDS,,0
2026-03-07,FDS,,0
2026-03-08,FDS,,0
2026-03-09,FDS,,0
2026-03-06,FDX,,0
2026-03-07,FDX,,0
2026-03-08,FDX,,0
2026-03-09,FDX,,0
2026-03-06,FE,,0
2026-03-07,FE,,0
2026-03-08,FE,,0
2026-03-09,FE,,0
2026-03-06,FELE,,0
2026-03-07,FELE,,0
2026-03-08,FELE,,0
2026-03-09,FELE,,0
2026-03-06,FFBC,,0
2026-03-07,FFBC,,0
2026-03-08,FFBC,,0
2026-03-09,FFBC,,0
2026-03-06,FFIN,,0
2026-03-07,FFIN,,0
2026-03-08,FFIN,,0
2026-03-09,FFIN,,0
2026-03-06,FFIV,,0
2026-03-07,FFIV,,0
2026-03-08,FFIV,,0
2026-03-09,FFIV,,0
2026-03-06,FHB,,0
2026-03-07,FHB,,0
2026-03-08,FHB,,0
2026-03-09,FHB,,0
2026-03-06,FHI,,0
2026-03-07,FHI,,0
2026-03-08,FHI,,0
2026-03-09,FHI,,0
2026-03-06,FHN,,0
2026-03-07,FHN,,0
2026-03-08,FHN,,0
2026-03-09,FHN,,0
2026-03-06,FIBK,,0
2026-03-07,FIBK,,0
2026-03-08,FIBK,,0
2026-03-09,FIBK,,0
2026-03-06,FICO,,0
2026-03-07,FICO,,0
2026-03-08,FICO,,0
2026-03-09,FICO,,0
2026-03-06,FIS,,0
2026-03-07,FIS,,0
2026-03-08,FIS,,0
2026-03-09,FIS,,0
2026-03-06,FISV,,0
2026-03-07,FISV,,0
2026-03-08,FISV,,0
2026-03-09,FISV,,0
2026-03-06,FITB,,0
2026-03-07,FITB,,0
2026-03-08,FITB,,0
2026-03-09,FITB,,0
2026-03-06,FIVE,,0
2026-03-07,FIVE,,0
2026-03-08,FIVE,,0
2026-03-09,FIVE,,0
2026-03-06,FIX,,0
2026-03-07,FIX,,0
2026-03-08,FIX,,0
2026-03-09,FIX,,0
2026-03-06,FIZZ,,0
2026-03-07,FIZZ,,0
2026-03-08,FIZZ,,0
2026-03-09,FIZZ,,0
2026-03-06,FLEX,,0
2026-03-07,FLEX,,0
2026-03-08,FLEX,,0
2026-03-09,FLEX,,0
2026-03-06,FLG,,0
2026-03-07,FLG,,0
2026-03-08,FLG,,0
2026-03-09,FLG,,0
2026-03-06,FLO,,0
2026-03-07,FLO,,0
2026-03-08,FLO,,0
2026-03-09,FLO,,0
2026-03-06,FLR,,0
2026-03-07,FLR,,0
2026-03-08,FLR,,0
2026-03-09,FLR,,0
2026-03-06,FLS,,0
2026-03-07,FLS,,0
2026-03-08,FLS,,0
2026-03-09,FLS,,0
2026-03-06,FMC,,0
2026-03-07,FMC,,0
2026-03-08,FMC,,0
2026-03-09,FMC,,0
2026-03-06,FN,,0
2026-03-07,FN,,0
2026-03-08,FN,,0
2026-03-09,FN,,0
2026-03-06,FNB,,0
2026-03-07,FNB,,0
2026-03-08,FNB,,0
2026-03-09,FNB,,0
2026-03-06,FND,,0
2026-03-07,FND,,0
2026-03-08,FND,,0
2026-03-09,FND,,0
2026-03-06,FNF,,0
2026-03-07,FNF,,0
2026-03-08,FNF,,0
2026-03-09,FNF,,0
2026-03-06,FORM,,0
2026-03-07,FORM,,0
2026-03-08,FORM,,0
2026-03-09,FORM,,0
2026-03-06,FOUR,,0
2026-03-07,FOUR,,0
2026-03-08,FOUR,,0
2026-03-09,FOUR,,0
2026-03-06,FOX,,0
2026-03-07,FOX,,0
2026-03-08,FOX,,0
2026-03-09,FOX,,0
2026-03-06,FOXA,,0
2026-03-07,FOXA,,0
2026-03-08,FOXA,,0
2026-03-09,FOXA,,0
2026-03-06,FOXF,,0
2026-03-07,FOXF,,0
2026-03-08,FOXF,,0
2026-03-09,FOXF,,0
2026-03-06,FR,,0
2026-03-07,FR,,0
2026-03-08,FR,,0
2026-03-09,FR,,0
2026-03-06,FRPT,,0
2026-03-07,FRPT,,0
2026-03-08,FRPT,,0
2026-03-09,FRPT,,0
2026-03-06,FRT,,0
2026-03-07,FRT,,0
2026-03-08,FRT,,0
2026-03-09,FRT,,0
2026-03-06,FSLR,,0
2026-03-07,FSLR,,0
2026-03-08,FSLR,,0
2026-03-09,FSLR,,0
2026-03-06,FSS,,0
2026-03-07,FSS,,0
2026-03-08,FSS,,0
2026-03-09,FSS,,0
2026-03-06,FTDR,,0
2026-03-07,FTDR,,0
2026-03-08,FTDR,,0
2026-03-09,FTDR,,0
2026-03-06,FTI,,0
2026-03-07,FTI,,0
2026-03-08,FTI,,0
2026-03-09,FTI,,0
2026-03-06,FTNT,,0
2026-03-07,FTNT,,0
2026-03-08,FTNT,,0
2026-03-09,FTNT,,0
2026-03-06,FTRE,,0
2026-03-07,FTRE,,0
2026-03-08,FTRE,,0
2026-03-09,FTRE,,0
2026-03-06,FTV,,0
2026-03-07,FTV,,0
2026-03-08,FTV,,0
2026-03-09,FTV,,0
2026-03-06,FUL,,0
2026-03-07,FUL,,0
2026-03-08,FUL,,0
2026-03-09,FUL,,0
2026-03-06,FULT,,0
2026-03-07,FULT,,0
2026-03-08,FULT,,0
2026-03-09,FULT,,0
2026-03-06,FUN,,0
2026-03-07,FUN,,0
2026-03-08,FUN,,0
2026-03-09,FUN,,0
2026-03-06,FWRD,,0
2026-03-07,FWRD,,0
2026-03-08,FWRD,,0
2026-03-09,FWRD,,0
2026-03-06,G,,0
2026-03-07,G,,0
2026-03-08,G,,0
2026-03-09,G,,0
2026-03-06,GAP,,0
2026-03-07,GAP,,0
2026-03-08,GAP,,0
2026-03-09,GAP,,0
2026-03-06,GATX,,0
2026-03-07,GATX,,0
2026-03-08,GATX,,0
2026-03-09,GATX,,0
2026-03-06,GBCI,,0
2026-03-07,GBCI,,0
2026-03-08,GBCI,,0
2026-03-09,GBCI,,0
2026-03-06,GBX,,0
2026-03-07,GBX,,0
2026-03-08,GBX,,0
2026-03-09,GBX,,0
2026-03-06,GD,,0
2026-03-07,GD,,0
2026-03-08,GD,,0
2026-03-09,GD,,0
2026-03-06,GDDY,,0
2026-03-07,GDDY,,0
2026-03-08,GDDY,,0
2026-03-09,GDDY,,0
2026-03-06,GDEN,,0
2026-03-07,GDEN,,0
2026-03-08,GDEN,,0
2026-03-09,GDEN,,0
2026-03-06,GDYN,,0
2026-03-07,GDYN,,0
2026-03-08,GDYN,,0
2026-03-09,GDYN,,0
2026-03-06,GE,,0
2026-03-07,GE,,0
2026-03-08,GE,,0
2026-03-09,GE,,0
2026-03-06,GEF,,0
2026-03-07,GEF,,0
2026-03-08,GEF,,0
2026-03-09,GEF,,0
2026-03-06,GEHC,,0
2026-03-07,GEHC,,0
2026-03-08,GEHC,,0
2026-03-09,GEHC,,0
2026-03-06,GEN,,0
2026-03-07,GEN,,0
2026-03-08,GEN,,0
2026-03-09,GEN,,0
2026-03-06,GEO,,0
2026-03-07,GEO,,0
2026-03-08,GEO,,0
2026-03-09,GEO,,0
2026-03-06,GEV,,0
2026-03-07,GEV,,0
2026-03-08,GEV,,0
2026-03-09,GEV,,0
2026-03-06,GFF,,0
2026-03-07,GFF,,0
2026-03-08,GFF,,0
2026-03-09,GFF,,0
2026-03-06,GGG,,0
2026-03-07,GGG,,0
2026-03-08,GGG,,0
2026-03-09,GGG,,0
2026-03-06,GHC,,0
2026-03-07,GHC,,0
2026-03-08,GHC,,0
2026-03-09,GHC,,0
2026-03-06,GIII,,0
2026-03-07,GIII,,0
2026-03-08,GIII,,0
2026-03-09,GIII,,0
2026-03-06,GILD,,0
2026-03-07,GILD,,0
2026-03-08,GILD,,0
2026-03-09,GILD,,0
2026-03-06,GIS,,0
2026-03-07,GIS,,0
2026-03-08,GIS,,0
2026-03-09,GIS,,0
2026-03-06,GKOS,,0
2026-03-07,GKOS,,0
2026-03-08,GKOS,,0
2026-03-09,GKOS,,0
2026-03-06,GL,,0
2026-03-07,GL,,0
2026-03-08,GL,,0
2026-03-09,GL,,0
2026-03-06,GLPI,,0
2026-03-07,GLPI,,0
2026-03-08,GLPI,,0
2026-03-09,GLPI,,0
2026-03-06,GLW,,0
2026-03-07,GLW,,0
2026-03-08,GLW,,0
2026-03-09,GLW,,0
2026-03-06,GM,,0
2026-03-07,GM,,0
2026-03-08,GM,,0
2026-03-09,GM,,0
2026-03-06,GME,,0
2026-03-07,GME,,0
2026-03-08,GME,,0
2026-03-09,GME,,0
2026-03-06,GMED,,0
2026-03-07,GMED,,0
2026-03-08,GMED,,0
2026-03-09,GMED,,0
2026-03-06,GNL,,0
2026-03-07,GNL,,0
2026-03-08,GNL,,0
2026-03-09,GNL,,0
2026-03-06,GNRC,,0
2026-03-07,GNRC,,0
2026-03-08,GNRC,,0
2026-03-09,GNRC,,0
2026-03-06,GNTX,,0
2026-03-07,GNTX,,0
2026-03-08,GNTX,,0
2026-03-09,GNTX,,0
2026-03-06,GNW,,0
2026-03-07,GNW,,0
2026-03-08,GNW,,0
2026-03-09,GNW,,0
2026-03-06,GO,,0
2026-03-07,GO,,0
2026-03-08,GO,,0
2026-03-09,GO,,0
2026-03-06,GOGO,,0
2026-03-07,GOGO,,0
2026-03-08,GOGO,,0
2026-03-09,GOGO,,0
2026-03-06,GOLF,,0
2026-03-07,GOLF,,0
2026-03-08,GOLF,,0
2026-03-09,GOLF,,0
2026-03-06,GOOG,,0
2026-03-07,GOOG,,0
2026-03-08,GOOG,,0
2026-03-09,GOOG,,0
2026-03-06,GOOGL,,0
2026-03-07,GOOGL,,0
2026-03-08,GOOGL,,0
2026-03-09,GOOGL,,0
2026-03-06,GPC,,0
2026-03-07,GPC,,0
2026-03-08,GPC,,0
2026-03-09,GPC,,0
2026-03-06,GPI,,0
2026-03-07,GPI,,0
2026-03-08,GPI,,0
2026-03-09,GPI,,0
2026-03-06,GPK,,0
2026-03-07,GPK,,0
2026-03-08,GPK,,0
2026-03-09,GPK,,0
2026-03-06,GPN,,0
2026-03-07,GPN,,0
2026-03-08,GPN,,0
2026-03-09,GPN,,0
2026-03-06,GRBK,,0
2026-03-07,GRBK,,0
2026-03-08,GRBK,,0
2026-03-09,GRBK,,0
2026-03-06,GRMN,,0
2026-03-07,GRMN,,0
2026-03-08,GRMN,,0
2026-03-09,GRMN,,0
2026-03-06,GS,,0
2026-03-07,GS,,0
2026-03-08,GS,,0
2026-03-09,GS,,0
2026-03-06,GSHD,,0
2026-03-07,GSHD,,0
2026-03-08,GSHD,,0
2026-03-09,GSHD,,0
2026-03-06,GT,,0
2026-03-07,GT,,0
2026-03-08,GT,,0
2026-03-09,GT,,0
2026-03-06,GTES,,0
2026-03-07,GTES,,0
2026-03-08,GTES,,0
2026-03-09,GTES,,0
2026-03-06,GTLS,,0
2026-03-07,GTLS,,0
2026-03-08,GTLS,,0
2026-03-09,GTLS,,0
2026-03-06,GTM,,0
2026-03-07,GTM,,0
2026-03-08,GTM,,0
2026-03-09,GTM,,0
2026-03-06,GTY,,0
2026-03-07,GTY,,0
2026-03-08,GTY,,0
2026-03-09,GTY,,0
2026-03-06,GVA,,0
2026-03-07,GVA,,0
2026-03-08,GVA,,0
2026-03-09,GVA,,0
2026-03-06,GWRE,,0
2026-03-07,GWRE,,0
2026-03-08,GWRE,,0
2026-03-09,GWRE,,0
2026-03-06,GWW,,0
2026-03-07,GWW,,0
2026-03-08,GWW,,0
2026-03-09,GWW,,0
2026-03-06,GXO,,0
2026-03-07,GXO,,0
2026-03-08,GXO,,0
2026-03-09,GXO,,0
2026-03-06,H,,0
2026-03-07,H,,0
2026-03-08,H,,0
2026-03-09,H,,0
2026-03-06,HAE,,0
2026-03-07,HAE,,0
2026-03-08,HAE,,0
2026-03-09,HAE,,0
2026-03-06,HAFC,,0
2026-03-07,HAFC,,0
2026-03-08,HAFC,,0
2026-03-09,HAFC,,0
2026-03-06,HAL,,0
2026-03-07,HAL,,0
2026-03-08,HAL,,0
2026-03-09,HAL,,0
2026-03-06,HALO,,0
2026-03-07,HALO,,0
2026-03-08,HALO,,0
2026-03-09,HALO,,0
2026-03-06,HAS,,0
2026-03-07,HAS,,0
2026-03-08,HAS,,0
2026-03-09,HAS,,0
2026-03-06,HASI,,0
2026-03-07,HASI,,0
2026-03-08,HASI,,0
2026-03-09,HASI,,0
2026-03-06,HAYW,,0
2026-03-07,HAYW,,0
2026-03-08,HAYW,,0
2026-03-09,HAYW,,0
2026-03-06,HBAN,,0
2026-03-07,HBAN,,0
2026-03-08,HBAN,,0
2026-03-09,HBAN,,0
2026-03-06,HCA,,0
2026-03-07,HCA,,0
2026-03-08,HCA,,0
2026-03-09,HCA,,0
2026-03-06,HCC,,0
2026-03-07,HCC,,0
2026-03-08,HCC,,0
2026-03-09,HCC,,0
2026-03-06,HCI,,0
2026-03-07,HCI,,0
2026-03-08,HCI,,0
2026-03-09,HCI,,0
2026-03-06,HCSG,,0
2026-03-07,HCSG,,0
2026-03-08,HCSG,,0
2026-03-09,HCSG,,0
2026-03-06,HD,,0
2026-03-07,HD,,0
2026-03-08,HD,,0
2026-03-09,HD,,0
2026-03-06,HE,,0
2026-03-07,HE,,0
2026-03-08,HE,,0
2026-03-09,HE,,0
2026-03-06,HFWA,,0
2026-03-07,HFWA,,0
2026-03-08,HFWA,,0
2026-03-09,HFWA,,0
2026-03-06,HGV,,0
2026-03-07,HGV,,0
2026-03-08,HGV,,0
2026-03-09,HGV,,0
2026-03-06,HIG,,0
2026-03-07,HIG,,0
2026-03-08,HIG,,0
2026-03-09,HIG,,0
2026-03-06,HII,,0
2026-03-07,HII,,0
2026-03-08,HII,,0
2026-03-09,HII,,0
2026-03-06,HIMS,,0
2026-03-07,HIMS,,0
2026-03-08,HIMS,,0
2026-03-09,HIMS,,0
2026-03-06,HIW,,0
2026-03-07,HIW,,0
2026-03-08,HIW,,0
2026-03-09,HIW,,0
2026-03-06,HL,,0
2026-03-07,HL,,0
2026-03-08,HL,,0
2026-03-09,HL,,0
2026-03-06,HLI,,0
2026-03-07,HLI,,0
2026-03-08,HLI,,0
2026-03-09,HLI,,0
2026-03-06,HLIT,,0
2026-03-07,HLIT,,0
2026-03-08,HLIT,,0
2026-03-09,HLIT,,0
2026-03-06,HLNE,,0
2026-03-07,HLNE,,0
2026-03-08,HLNE,,0
2026-03-09,HLNE,,0
2026-03-06,HLT,,0
2026-03-07,HLT,,0
2026-03-08,HLT,,0
2026-03-09,HLT,,0
2026-03-06,HLX,,0
2026-03-07,HLX,,0
2026-03-08,HLX,,0
2026-03-09,HLX,,0
2026-03-06,HMN,,0
2026-03-07,HMN,,0
2026-03-08,HMN,,0
2026-03-09,HMN,,0
2026-03-06,HNI,,0
2026-03-07,HNI,,0
2026-03-08,HNI,,0
2026-03-09,HNI,,0
2026-03-06,HOG,,0
2026-03-07,HOG,,0
2026-03-08,HOG,,0
2026-03-09,HOG,,0
2026-03-06,HOLX,,0
2026-03-07,HOLX,,0
2026-03-08,HOLX,,0
2026-03-09,HOLX,,0
2026-03-06,HOMB,,0
2026-03-07,HOMB,,0
2026-03-08,HOMB,,0
2026-03-09,HOMB,,0
2026-03-06,HON,,0
2026-03-07,HON,,0
2026-03-08,HON,,0
2026-03-09,HON,,0
2026-03-06,HOOD,,0
2026-03-07,HOOD,,0
2026-03-08,HOOD,,0
2026-03-09,HOOD,,0
2026-03-06,HOPE,,0
2026-03-07,HOPE,,0
2026-03-08,HOPE,,0
2026-03-09,HOPE,,0
2026-03-06,HP,,0
2026-03-07,HP,,0
2026-03-08,HP,,0
2026-03-09,HP,,0
2026-03-06,HPE,,0
2026-03-07,HPE,,0
2026-03-08,HPE,,0
2026-03-09,HPE,,0
2026-03-06,HPQ,,0
2026-03-07,HPQ,,0
2026-03-08,HPQ,,0
2026-03-09,HPQ,,0
2026-03-06,HQY,,0
2026-03-07,HQY,,0
2026-03-08,HQY,,0
2026-03-09,HQY,,0
2026-03-06,HR,,0
2026-03-07,HR,,0
2026-03-08,HR,,0
2026-03-09,HR,,0
2026-03-06,HRB,,0
2026-03-07,HRB,,0
2026-03-08,HRB,,0
2026-03-09,HRB,,0
2026-03-06,HRL,,0
2026-03-07,HRL,,0
2026-03-08,HRL,,0
2026-03-09,HRL,,0
2026-03-06,HRMY,,0
2026-03-07,HRMY,,0
2026-03-08,HRMY,,0
2026-03-09,HRMY,,0
2026-03-06,HSIC,,0
2026-03-07,HSIC,,0
2026-03-08,HSIC,,0
2026-03-09,HSIC,,0
2026-03-06,HST,,0
2026-03-07,HST,,0
2026-03-08,HST,,0
2026-03-09,HST,,0
2026-03-06,HSTM,,0
2026-03-07,HSTM,,0
2026-03-08,HSTM,,0
2026-03-09,HSTM,,0
2026-03-06,HSY,,0
2026-03-07,HSY,,0
2026-03-08,HSY,,0
2026-03-09,HSY,,0
2026-03-06,HTH,,0
2026-03-07,HTH,,0
2026-03-08,HTH,,0
2026-03-09,HTH,,0
2026-03-06,HTLD,,0
2026-03-07,HTLD,,0
2026-03-08,HTLD,,0
2026-03-09,HTLD,,0
2026-03-06,HTO,,0
2026-03-07,HTO,,0
2026-03-08,HTO,,0
2026-03-09,HTO,,0
2026-03-06,HTZ,,0
2026-03-07,HTZ,,0
2026-03-08,HTZ,,0
2026-03-09,HTZ,,0
2026-03-06,HUBB,,0
2026-03-07,HUBB,,0
2026-03-08,HUBB,,0
2026-03-09,HUBB,,0
2026-03-06,HUBG,,0
2026-03-07,HUBG,,0
2026-03-08,HUBG,,0
2026-03-09,HUBG,,0
2026-03-06,HUM,,0
2026-03-07,HUM,,0
2026-03-08,HUM,,0
2026-03-09,HUM,,0
2026-03-06,HWC,,0
2026-03-07,HWC,,0
2026-03-08,HWC,,0
2026-03-09,HWC,,0
2026-03-06,HWKN,,0
2026-03-07,HWKN,,0
2026-03-08,HWKN,,0
2026-03-09,HWKN,,0
2026-03-06,HWM,,0
2026-03-07,HWM,,0
2026-03-08,HWM,,0
2026-03-09,HWM,,0
2026-03-06,HXL,,0
2026-03-07,HXL,,0
2026-03-08,HXL,,0
2026-03-09,HXL,,0
2026-03-06,HZO,,0
2026-03-07,HZO,,0
2026-03-08,HZO,,0
2026-03-09,HZO,,0
2026-03-06,IAC,,0
2026-03-07,IAC,,0
2026-03-08,IAC,,0
2026-03-09,IAC,,0
2026-03-06,IART,,0
2026-03-07,IART,,0
2026-03-08,IART,,0
2026-03-09,IART,,0
2026-03-06,IBKR,,0
2026-03-07,IBKR,,0
2026-03-08,IBKR,,0
2026-03-09,IBKR,,0
2026-03-06,IBM,,0
2026-03-07,IBM,,0
2026-03-08,IBM,,0
2026-03-09,IBM,,0
2026-03-06,IBOC,,0
2026-03-07,IBOC,,0
2026-03-08,IBOC,,0
2026-03-09,IBOC,,0
2026-03-06,IBP,,0
2026-03-07,IBP,,0
2026-03-08,IBP,,0
2026-03-09,IBP,,0
2026-03-06,ICE,,0
2026-03-07,ICE,,0
2026-03-08,ICE,,0
2026-03-09,ICE,,0
2026-03-06,ICHR,,0
2026-03-07,ICHR,,0
2026-03-08,ICHR,,0
2026-03-09,ICHR,,0
2026-03-06,ICUI,,0
2026-03-07,ICUI,,0
2026-03-08,ICUI,,0
2026-03-09,ICUI,,0
2026-03-06,IDA,,0
2026-03-07,IDA,,0
2026-03-08,IDA,,0
2026-03-09,IDA,,0
2026-03-06,IDCC,,0
2026-03-07,IDCC,,0
2026-03-08,IDCC,,0
2026-03-09,IDCC,,0
2026-03-06,IDXX,,0
2026-03-07,IDXX,,0
2026-03-08,IDXX,,0
2026-03-09,IDXX,,0
2026-03-06,IEX,,0
2026-03-07,IEX,,0
2026-03-08,IEX,,0
2026-03-09,IEX,,0
2026-03-06,IFF,,0
2026-03-07,IFF,,0
2026-03-08,IFF,,0
2026-03-09,IFF,,0
2026-03-06,IIIN,,0
2026-03-07,IIIN,,0
2026-03-08,IIIN,,0
2026-03-09,IIIN,,0
2026-03-06,IIPR,,0
2026-03-07,IIPR,,0
2026-03-08,IIPR,,0
2026-03-09,IIPR,,0
2026-03-06,ILMN,,0
2026-03-07,ILMN,,0
2026-03-08,ILMN,,0
2026-03-09,ILMN,,0
2026-03-06,INCY,,0
2026-03-07,INCY,,0
2026-03-08,INCY,,0
2026-03-09,INCY,,0
2026-03-06,INDB,,0
2026-03-07,INDB,,0
2026-03-08,INDB,,0
2026-03-09,INDB,,0
2026-03-06,INDV,,0
2026-03-07,INDV,,0
2026-03-08,INDV,,0
2026-03-09,INDV,,0
2026-03-06,INGR,,0
2026-03-07,INGR,,0
2026-03-08,INGR,,0
2026-03-09,INGR,,0
2026-03-06,INN,,0
2026-03-07,INN,,0
2026-03-08,INN,,0
2026-03-09,INN,,0
2026-03-06,INSP,,0
2026-03-07,INSP,,0
2026-03-08,INSP,,0
2026-03-09,INSP,,0
2026-03-06,INSW,,0
2026-03-07,INSW,,0
2026-03-08,INSW,,0
2026-03-09,INSW,,0
2026-03-06,INTC,,0
2026-03-07,INTC,,0
2026-03-08,INTC,,0
2026-03-09,INTC,,0
2026-03-06,INTU,,0
2026-03-07,INTU,,0
2026-03-08,INTU,,0
2026-03-09,INTU,,0
2026-03-06,INVA,,0
2026-03-07,INVA,,0
2026-03-08,INVA,,0
2026-03-09,INVA,,0
2026-03-06,INVH,,0
2026-03-07,INVH,,0
2026-03-08,INVH,,0
2026-03-09,INVH,,0
2026-03-06,INVX,,0
2026-03-07,INVX,,0
2026-03-08,INVX,,0
2026-03-09,INVX,,0
2026-03-06,IOSP,,0
2026-03-07,IOSP,,0
2026-03-08,IOSP,,0
2026-03-09,IOSP,,0
2026-03-06,IP,,0
2026-03-07,IP,,0
2026-03-08,IP,,0
2026-03-09,IP,,0
2026-03-06,IPAR,,0
2026-03-07,IPAR,,0
2026-03-08,IPAR,,0
2026-03-09,IPAR,,0
2026-03-06,IPGP,,0
2026-03-07,IPGP,,0
2026-03-08,IPGP,,0
2026-03-09,IPGP,,0
2026-03-06,IQV,,0
2026-03-07,IQV,,0
2026-03-08,IQV,,0
2026-03-09,IQV,,0
2026-03-06,IR,,0
2026-03-07,IR,,0
2026-03-08,IR,,0
2026-03-09,IR,,0
2026-03-06,IRDM,,0
2026-03-07,IRDM,,0
2026-03-08,IRDM,,0
2026-03-09,IRDM,,0
2026-03-06,IRM,,0
2026-03-07,IRM,,0
2026-03-08,IRM,,0
2026-03-09,IRM,,0
2026-03-06,IRT,,0
2026-03-07,IRT,,0
2026-03-08,IRT,,0
2026-03-09,IRT,,0
2026-03-06,ISRG,,0
2026-03-07,ISRG,,0
2026-03-08,ISRG,,0
2026-03-09,ISRG,,0
2026-03-06,IT,,0
2026-03-07,IT,,0
2026-03-08,IT,,0
2026-03-09,IT,,0
2026-03-06,ITGR,,0
2026-03-07,ITGR,,0
2026-03-08,ITGR,,0
2026-03-09,ITGR,,0
2026-03-06,ITRI,,0
2026-03-07,ITRI,,0
2026-03-08,ITRI,,0
2026-03-09,ITRI,,0
2026-03-06,ITT,,0
2026-03-07,ITT,,0
2026-03-08,ITT,,0
2026-03-09,ITT,,0
2026-03-06,ITW,,0
2026-03-07,ITW,,0
2026-03-08,ITW,,0
2026-03-09,ITW,,0
2026-03-06,IVZ,,0
2026-03-07,IVZ,,0
2026-03-08,IVZ,,0
2026-03-09,IVZ,,0
2026-03-06,J,,0
2026-03-07,J,,0
2026-03-08,J,,0
2026-03-09,J,,0
2026-03-06,JAZZ,,0
2026-03-07,JAZZ,,0
2026-03-08,JAZZ,,0
2026-03-09,JAZZ,,0
2026-03-06,JBGS,,0
2026-03-07,JBGS,,0
2026-03-08,JBGS,,0
2026-03-09,JBGS,,0
2026-03-06,JBHT,,0
2026-03-07,JBHT,,0
2026-03-08,JBHT,,0
2026-03-09,JBHT,,0
2026-03-06,JBL,,0
2026-03-07,JBL,,0
2026-03-08,JBL,,0
2026-03-09,JBL,,0
2026-03-06,JBLU,,0
2026-03-07,JBLU,,0
2026-03-08,JBLU,,0
2026-03-09,JBLU,,0
2026-03-06,JBSS,,0
2026-03-07,JBSS,,0
2026-03-08,JBSS,,0
2026-03-09,JBSS,,0
2026-03-06,JBTM,,0
2026-03-07,JBTM,,0
2026-03-08,JBTM,,0
2026-03-09,JBTM,,0
2026-03-06,JCI,,0
2026-03-07,JCI,,0
2026-03-08,JCI,,0
2026-03-09,JCI,,0
2026-03-06,JEF,,0
2026-03-07,JEF,,0
2026-03-08,JEF,,0
2026-03-09,JEF,,0
2026-03-06,JHG,,0
2026-03-07,JHG,,0
2026-03-08,JHG,,0
2026-03-09,JHG,,0
2026-03-06,JJSF,,0
2026-03-07,JJSF,,0
2026-03-08,JJSF,,0
2026-03-09,JJSF,,0
2026-03-06,JKHY,,0
2026-03-07,JKHY,,0
2026-03-08,JKHY,,0
2026-03-09,JKHY,,0
2026-03-06,JLL,,0
2026-03-07,JLL,,0
2026-03-08,JLL,,0
2026-03-09,JLL,,0
2026-03-06,JNJ,,0
2026-03-07,JNJ,,0
2026-03-08,JNJ,,0
2026-03-09,JNJ,,0
2026-03-06,JOE,,0
2026-03-07,JOE,,0
2026-03-08,JOE,,0
2026-03-09,JOE,,0
2026-03-06,JPM,,0
2026-03-07,JPM,,0
2026-03-08,JPM,,0
2026-03-09,JPM,,0
2026-03-06,JXN,,0
2026-03-07,JXN,,0
2026-03-08,JXN,,0
2026-03-09,JXN,,0
2026-03-06,KAI,,0
2026-03-07,KAI,,0
2026-03-08,KAI,,0
2026-03-09,KAI,,0
2026-03-06,KALU,,0
2026-03-07,KALU,,0
2026-03-08,KALU,,0
2026-03-09,KALU,,0
2026-03-06,KBH,,0
2026-03-07,KBH,,0
2026-03-08,KBH,,0
2026-03-09,KBH,,0
2026-03-06,KBR,,0
2026-03-07,KBR,,0
2026-03-08,KBR,,0
2026-03-09,KBR,,0
2026-03-06,KD,,0
2026-03-07,KD,,0
2026-03-08,KD,,0
2026-03-09,KD,,0
2026-03-06,KDP,,0
2026-03-07,KDP,,0
2026-03-08,KDP,,0
2026-03-09,KDP,,0
2026-03-06,KEX,,0
2026-03-07,KEX,,0
2026-03-08,KEX,,0
2026-03-09,KEX,,0
2026-03-06,KEY,,0
2026-03-07,KEY,,0
2026-03-08,KEY,,0
2026-03-09,KEY,,0
2026-03-06,KEYS,,0
2026-03-07,KEYS,,0
2026-03-08,KEYS,,0
2026-03-09,KEYS,,0
2026-03-06,KFY,,0
2026-03-07,KFY,,0
2026-03-08,KFY,,0
2026-03-09,KFY,,0
2026-03-06,KGS,,0
2026-03-07,KGS,,0
2026-03-08,KGS,,0
2026-03-09,KGS,,0
2026-03-06,KHC,,0
2026-03-07,KHC,,0
2026-03-08,KHC,,0
2026-03-09,KHC,,0
2026-03-06,KIM,,0
2026-03-07,KIM,,0
2026-03-08,KIM,,0
2026-03-09,KIM,,0
2026-03-06,KKR,,0
2026-03-07,KKR,,0
2026-03-08,KKR,,0
2026-03-09,KKR,,0
2026-03-06,KLAC,,0
2026-03-07,KLAC,,0
2026-03-08,KLAC,,0
2026-03-09,KLAC,,0
2026-03-06,KLIC,,0
2026-03-07,KLIC,,0
2026-03-08,KLIC,,0
2026-03-09,KLIC,,0
2026-03-06,KMB,,0
2026-03-07,KMB,,0
2026-03-08,KMB,,0
2026-03-09,KMB,,0
2026-03-06,KMI,,0
2026-03-07,KMI,,0
2026-03-08,KMI,,0
2026-03-09,KMI,,0
2026-03-06,KMPR,,0
2026-03-07,KMPR,,0
2026-03-08,KMPR,,0
2026-03-09,KMPR,,0
2026-03-06,KMT,,0
2026-03-07,KMT,,0
2026-03-08,KMT,,0
2026-03-09,KMT,,0
2026-03-06,KMX,,0
2026-03-07,KMX,,0
2026-03-08,KMX,,0
2026-03-09,KMX,,0
2026-03-06,KN,,0
2026-03-07,KN,,0
2026-03-08,KN,,0
2026-03-09,KN,,0
2026-03-06,KNF,,0
2026-03-07,KNF,,0
2026-03-08,KNF,,0
2026-03-09,KNF,,0
2026-03-06,KNSL,,0
2026-03-07,KNSL,,0
2026-03-08,KNSL,,0
2026-03-09,KNSL,,0
2026-03-06,KNTK,,0
2026-03-07,KNTK,,0
2026-03-08,KNTK,,0
2026-03-09,KNTK,,0
2026-03-06,KNX,,0
2026-03-07,KNX,,0
2026-03-08,KNX,,0
2026-03-09,KNX,,0
2026-03-06,KO,,0
2026-03-07,KO,,0
2026-03-08,KO,,0
2026-03-09,KO,,0
2026-03-06,KOP,,0
2026-03-07,KOP,,0
2026-03-08,KOP,,0
2026-03-09,KOP,,0
2026-03-06,KR,,0
2026-03-07,KR,,0
2026-03-08,KR,,0
2026-03-09,KR,,0
2026-03-06,KRC,,0
2026-03-07,KRC,,0
2026-03-08,KRC,,0
2026-03-09,KRC,,0
2026-03-06,KREF,,0
2026-03-07,KREF,,0
2026-03-08,KREF,,0
2026-03-09,KREF,,0
2026-03-06,KRG,,0
2026-03-07,KRG,,0
2026-03-08,KRG,,0
2026-03-09,KRG,,0
2026-03-06,KRYS,,0
2026-03-07,KRYS,,0
2026-03-08,KRYS,,0
2026-03-09,KRYS,,0
2026-03-06,KSS,,0
2026-03-07,KSS,,0
2026-03-08,KSS,,0
2026-03-09,KSS,,0
2026-03-06,KTB,,0
2026-03-07,KTB,,0
2026-03-08,KTB,,0
2026-03-09,KTB,,0
2026-03-06,KTOS,,0
2026-03-07,KTOS,,0
2026-03-08,KTOS,,0
2026-03-09,KTOS,,0
2026-03-06,KVUE,,0
2026-03-07,KVUE,,0
2026-03-08,KVUE,,0
2026-03-09,KVUE,,0
2026-03-06,KW,,0
2026-03-07,KW,,0
2026-03-08,KW,,0
2026-03-09,KW,,0
2026-03-06,KWR,,0
2026-03-07,KWR,,0
2026-03-08,KWR,,0
2026-03-09,KWR,,0
2026-03-06,L,,0
2026-03-07,L,,0
2026-03-08,L,,0
2026-03-09,L,,0
2026-03-06,LAD,,0
2026-03-07,LAD,,0
2026-03-08,LAD,,0
2026-03-09,LAD,,0
2026-03-06,LAMR,,0
2026-03-07,LAMR,,0
2026-03-08,LAMR,,0
2026-03-09,LAMR,,0
2026-03-06,LBRT,,0
2026-03-07,LBRT,,0
2026-03-08,LBRT,,0
2026-03-09,LBRT,,0
2026-03-06,LCII,,0
2026-03-07,LCII,,0
2026-03-08,LCII,,0
2026-03-09,LCII,,0
2026-03-06,LDOS,,0
2026-03-07,LDOS,,0
2026-03-08,LDOS,,0
2026-03-09,LDOS,,0
2026-03-06,LEA,,0
2026-03-07,LEA,,0
2026-03-08,LEA,,0
2026-03-09,LEA,,0
2026-03-06,LECO,,0
2026-03-07,LECO,,0
2026-03-08,LECO,,0
2026-03-09,LECO,,0
2026-03-06,LEG,,0
2026-03-07,LEG,,0
2026-03-08,LEG,,0
2026-03-09,LEG,,0
2026-03-06,LEN,,0
2026-03-07,LEN,,0
2026-03-08,LEN,,0
2026-03-09,LEN,,0
2026-03-06,LFUS,,0
2026-03-07,LFUS,,0
2026-03-08,LFUS,,0
2026-03-09,LFUS,,0
2026-03-06,LGIH,,0
2026-03-07,LGIH,,0
2026-03-08,LGIH,,0
2026-03-09,LGIH,,0
2026-03-06,LGND,,0
2026-03-07,LGND,,0
2026-03-08,LGND,,0
2026-03-09,LGND,,0
2026-03-06,LH,,0
2026-03-07,LH,,0
2026-03-08,LH,,0
2026-03-09,LH,,0
2026-03-06,LHX,,0
2026-03-07,LHX,,0
2026-03-08,LHX,,0
2026-03-09,LHX,,0
2026-03-06,LII,,0
2026-03-07,LII,,0
2026-03-08,LII,,0
2026-03-09,LII,,0
2026-03-06,LIN,,0
2026-03-07,LIN,,0
2026-03-08,LIN,,0
2026-03-09,LIN,,0
2026-03-06,LITE,,0
2026-03-07,LITE,,0
2026-03-08,LITE,,0
2026-03-09,LITE,,0
2026-03-06,LIVN,,0
2026-03-07,LIVN,,0
2026-03-08,LIVN,,0
2026-03-09,LIVN,,0
2026-03-06,LKFN,,0
2026-03-07,LKFN,,0
2026-03-08,LKFN,,0
2026-03-09,LKFN,,0
2026-03-06,LKQ,,0
2026-03-07,LKQ,,0
2026-03-08,LKQ,,0
2026-03-09,LKQ,,0
2026-03-06,LLY,,0
2026-03-07,LLY,,0
2026-03-08,LLY,,0
2026-03-09,LLY,,0
2026-03-06,LMAT,,0
2026-03-07,LMAT,,0
2026-03-08,LMAT,,0
2026-03-09,LMAT,,0
2026-03-06,LMT,,0
2026-03-07,LMT,,0
2026-03-08,LMT,,0
2026-03-09,LMT,,0
2026-03-06,LNC,,0
2026-03-07,LNC,,0
2026-03-08,LNC,,0
2026-03-09,LNC,,0
2026-03-06,LNN,,0
2026-03-07,LNN,,0
2026-03-08,LNN,,0
2026-03-09,LNN,,0
2026-03-06,LNT,,0
2026-03-07,LNT,,0
2026-03-08,LNT,,0
2026-03-09,LNT,,0
2026-03-06,LNTH,,0
2026-03-07,LNTH,,0
2026-03-08,LNTH,,0
2026-03-09,LNTH,,0
2026-03-06,LOPE,,0
2026-03-07,LOPE,,0
2026-03-08,LOPE,,0
2026-03-09,LOPE,,0
2026-03-06,LOW,,0
2026-03-07,LOW,,0
2026-03-08,LOW,,0
2026-03-09,LOW,,0
2026-03-06,LPG,,0
2026-03-07,LPG,,0
2026-03-08,LPG,,0
2026-03-09,LPG,,0
2026-03-06,LPX,,0
2026-03-07,LPX,,0
2026-03-08,LPX,,0
2026-03-09,LPX,,0
2026-03-06,LQDT,,0
2026-03-07,LQDT,,0
2026-03-08,LQDT,,0
2026-03-09,LQDT,,0
2026-03-06,LRCX,,0
2026-03-07,LRCX,,0
2026-03-08,LRCX,,0
2026-03-09,LRCX,,0
2026-03-06,LRN,,0
2026-03-07,LRN,,0
2026-03-08,LRN,,0
2026-03-09,LRN,,0
2026-03-06,LSCC,,0
2026-03-07,LSCC,,0
2026-03-08,LSCC,,0
2026-03-09,LSCC,,0
2026-03-06,LSTR,,0
2026-03-07,LSTR,,0
2026-03-08,LSTR,,0
2026-03-09,LSTR,,0
2026-03-06,LTC,,0
2026-03-07,LTC,,0
2026-03-08,LTC,,0
2026-03-09,LTC,,0
2026-03-06,LULU,,0
2026-03-07,LULU,,0
2026-03-08,LULU,,0
2026-03-09,LULU,,0
2026-03-06,LUMN,,0
2026-03-07,LUMN,,0
2026-03-08,LUMN,,0
2026-03-09,LUMN,,0
2026-03-06,LUV,,0
2026-03-07,LUV,,0
2026-03-08,LUV,,0
2026-03-09,LUV,,0
2026-03-06,LVS,,0
2026-03-07,LVS,,0
2026-03-08,LVS,,0
2026-03-09,LVS,,0
2026-03-06,LW,,0
2026-03-07,LW,,0
2026-03-08,LW,,0
2026-03-09,LW,,0
2026-03-06,LXP,,0
2026-03-07,LXP,,0
2026-03-08,LXP,,0
2026-03-09,LXP,,0
2026-03-06,LYB,,0
2026-03-07,LYB,,0
2026-03-08,LYB,,0
2026-03-09,LYB,,0
2026-03-06,LYV,,0
2026-03-07,LYV,,0
2026-03-08,LYV,,0
2026-03-09,LYV,,0
2026-03-06,LZ,,0
2026-03-07,LZ,,0
2026-03-08,LZ,,0
2026-03-09,LZ,,0
2026-03-06,LZB,,0
2026-03-07,LZB,,0
2026-03-08,LZB,,0
2026-03-09,LZB,,0
2026-03-06,M,,0
2026-03-07,M,,0
2026-03-08,M,,0
2026-03-09,M,,0
2026-03-06,MA,,0
2026-03-07,MA,,0
2026-03-08,MA,,0
2026-03-09,MA,,0
2026-03-06,MAA,,0
2026-03-07,MAA,,0
2026-03-08,MAA,,0
2026-03-09,MAA,,0
2026-03-06,MAC,,0
2026-03-07,MAC,,0
2026-03-08,MAC,,0
2026-03-09,MAC,,0
2026-03-06,MAN,,0
2026-03-07,MAN,,0
2026-03-08,MAN,,0
2026-03-09,MAN,,0
2026-03-06,MANH,,0
2026-03-07,MANH,,0
2026-03-08,MANH,,0
2026-03-09,MANH,,0
2026-03-06,MAR,,0
2026-03-07,MAR,,0
2026-03-08,MAR,,0
2026-03-09,MAR,,0
2026-03-06,MARA,,0
2026-03-07,MARA,,0
2026-03-08,MARA,,0
2026-03-09,MARA,,0
2026-03-06,MAS,,0
2026-03-07,MAS,,0
2026-03-08,MAS,,0
2026-03-09,MAS,,0
2026-03-06,MASI,,0
2026-03-07,MASI,,0
2026-03-08,MASI,,0
2026-03-09,MASI,,0
2026-03-06,MAT,,0
2026-03-07,MAT,,0
2026-03-08,MAT,,0
2026-03-09,MAT,,0
2026-03-06,MATW,,0
2026-03-07,MATW,,0
2026-03-08,MATW,,0
2026-03-09,MATW,,0
2026-03-06,MATX,,0
2026-03-07,MATX,,0
2026-03-08,MATX,,0
2026-03-09,MATX,,0
2026-03-06,MBC,,0
2026-03-07,MBC,,0
2026-03-08,MBC,,0
2026-03-09,MBC,,0
2026-03-06,MBIN,,0
2026-03-07,MBIN,,0
2026-03-08,MBIN,,0
2026-03-09,MBIN,,0
2026-03-06,MC,,0
2026-03-07,MC,,0
2026-03-08,MC,,0
2026-03-09,MC,,0
2026-03-06,MCD,,0
2026-03-07,MCD,,0
2026-03-08,MCD,,0
2026-03-09,MCD,,0
2026-03-06,MCHP,,0
2026-03-07,MCHP,,0
2026-03-08,MCHP,,0
2026-03-09,MCHP,,0
2026-03-06,MCK,,0
2026-03-07,MCK,,0
2026-03-08,MCK,,0
2026-03-09,MCK,,0
2026-03-06,MCO,,0
2026-03-07,MCO,,0
2026-03-08,MCO,,0
2026-03-09,MCO,,0
2026-03-06,MCRI,,0
2026-03-07,MCRI,,0
2026-03-08,MCRI,,0
2026-03-09,MCRI,,0
2026-03-06,MCW,,0
2026-03-07,MCW,,0
2026-03-08,MCW,,0
2026-03-09,MCW,,0
2026-03-06,MCY,,0
2026-03-07,MCY,,0
2026-03-08,MCY,,0
2026-03-09,MCY,,0
2026-03-06,MD,,0
2026-03-07,MD,,0
2026-03-08,MD,,0
2026-03-09,MD,,0
2026-03-06,MDLZ,,0
2026-03-07,MDLZ,,0
2026-03-08,MDLZ,,0
2026-03-09,MDLZ,,0
2026-03-06,MDT,,0
2026-03-07,MDT,,0
2026-03-08,MDT,,0
2026-03-09,MDT,,0
2026-03-06,MDU,,0
2026-03-07,MDU,,0
2026-03-08,MDU,,0
2026-03-09,MDU,,0
2026-03-06,MEDP,,0
2026-03-07,MEDP,,0
2026-03-08,MEDP,,0
2026-03-09,MEDP,,0
2026-03-06,MET,,0
2026-03-07,MET,,0
2026-03-08,MET,,0
2026-03-09,MET,,0
2026-03-06,META,,0
2026-03-07,META,,0
2026-03-08,META,,0
2026-03-09,META,,0
2026-03-06,MGEE,,0
2026-03-07,MGEE,,0
2026-03-08,MGEE,,0
2026-03-09,MGEE,,0
2026-03-06,MGM,,0
2026-03-07,MGM,,0
2026-03-08,MGM,,0
2026-03-09,MGM,,0
2026-03-06,MGY,,0
2026-03-07,MGY,,0
2026-03-08,MGY,,0
2026-03-09,MGY,,0
2026-03-06,MHK,,0
2026-03-07,MHK,,0
2026-03-08,MHK,,0
2026-03-09,MHK,,0
2026-03-06,MHO,,0
2026-03-07,MHO,,0
2026-03-08,MHO,,0
2026-03-09,MHO,,0
2026-03-06,MIDD,,0
2026-03-07,MIDD,,0
2026-03-08,MIDD,,0
2026-03-09,MIDD,,0
2026-03-06,MIR,,0
2026-03-07,MIR,,0
2026-03-08,MIR,,0
2026-03-09,MIR,,0
2026-03-06,MKC,,0
2026-03-07,MKC,,0
2026-03-08,MKC,,0
2026-03-09,MKC,,0
2026-03-06,MKSI,,0
2026-03-07,MKSI,,0
2026-03-08,MKSI,,0
2026-03-09,MKSI,,0
2026-03-06,MKTX,,0
2026-03-07,MKTX,,0
2026-03-08,MKTX,,0
2026-03-09,MKTX,,0
2026-03-06,MLI,,0
2026-03-07,MLI,,0
2026-03-08,MLI,,0
2026-03-09,MLI,,0
2026-03-06,MLKN,,0
2026-03-07,MLKN,,0
2026-03-08,MLKN,,0
2026-03-09,MLKN,,0
2026-03-06,MLM,,0
2026-03-07,MLM,,0
2026-03-08,MLM,,0
2026-03-09,MLM,,0
2026-03-06,MMI,,0
2026-03-07,MMI,,0
2026-03-08,MMI,,0
2026-03-09,MMI,,0
2026-03-06,MMM,,0
2026-03-07,MMM,,0
2026-03-08,MMM,,0
2026-03-09,MMM,,0
2026-03-06,MMS,,0
2026-03-07,MMS,,0
2026-03-08,MMS,,0
2026-03-09,MMS,,0
2026-03-06,MMSI,,0
2026-03-07,MMSI,,0
2026-03-08,MMSI,,0
2026-03-09,MMSI,,0
2026-03-06,MNRO,,0
2026-03-07,MNRO,,0
2026-03-08,MNRO,,0
2026-03-09,MNRO,,0
2026-03-06,MNST,,0
2026-03-07,MNST,,0
2026-03-08,MNST,,0
2026-03-09,MNST,,0
2026-03-06,MO,,0
2026-03-07,MO,,0
2026-03-08,MO,,0
2026-03-09,MO,,0
2026-03-06,MODG,,0
2026-03-07,MODG,,0
2026-03-08,MODG,,0
2026-03-09,MODG,,0
2026-03-06,MOG-A,,0
2026-03-07,MOG-A,,0
2026-03-08,MOG-A,,0
2026-03-09,MOG-A,,0
2026-03-06,MOH,,0
2026-03-07,MOH,,0
2026-03-08,MOH,,0
2026-03-09,MOH,,0
2026-03-06,MORN,,0
2026-03-07,MORN,,0
2026-03-08,MORN,,0
2026-03-09,MORN,,0
2026-03-06,MOS,,0
2026-03-07,MOS,,0
2026-03-08,MOS,,0
2026-03-09,MOS,,0
2026-03-06,MP,,0
2026-03-07,MP,,0
2026-03-08,MP,,0
2026-03-09,MP,,0
2026-03-06,MPC,,0
2026-03-07,MPC,,0
2026-03-08,MPC,,0
2026-03-09,MPC,,0
2026-03-06,MPT,,0
2026-03-07,MPT,,0
2026-03-08,MPT,,0
2026-03-09,MPT,,0
2026-03-06,MPWR,,0
2026-03-07,MPWR,,0
2026-03-08,MPWR,,0
2026-03-09,MPWR,,0
2026-03-06,MRCY,,0
2026-03-07,MRCY,,0
2026-03-08,MRCY,,0
2026-03-09,MRCY,,0
2026-03-06,MRK,,0
2026-03-07,MRK,,0
2026-03-08,MRK,,0
2026-03-09,MRK,,0
2026-03-06,MRNA,,0
2026-03-07,MRNA,,0
2026-03-08,MRNA,,0
2026-03-09,MRNA,,0
2026-03-06,MRP,,0
2026-03-07,MRP,,0
2026-03-08,MRP,,0
2026-03-09,MRP,,0
2026-03-06,MRSH,,0
2026-03-07,MRSH,,0
2026-03-08,MRSH,,0
2026-03-09,MRSH,,0
2026-03-06,MRTN,,0
2026-03-07,MRTN,,0
2026-03-08,MRTN,,0
2026-03-09,MRTN,,0
2026-03-06,MS,,0
2026-03-07,MS,,0
2026-03-08,MS,,0
2026-03-09,MS,,0
2026-03-06,MSA,,0
2026-03-07,MSA,,0
2026-03-08,MSA,,0
2026-03-09,MSA,,0
2026-03-06,MSCI,,0
2026-03-07,MSCI,,0
2026-03-08,MSCI,,0
2026-03-09,MSCI,,0
2026-03-06,MSEX,,0
2026-03-07,MSEX,,0
2026-03-08,MSEX,,0
2026-03-09,MSEX,,0
2026-03-06,MSFT,,0
2026-03-07,MSFT,,0
2026-03-08,MSFT,,0
2026-03-09,MSFT,,0
2026-03-06,MSGS,,0
2026-03-07,MSGS,,0
2026-03-08,MSGS,,0
2026-03-09,MSGS,,0
2026-03-06,MSI,,0
2026-03-07,MSI,,0
2026-03-08,MSI,,0
2026-03-09,MSI,,0
2026-03-06,MSM,,0
2026-03-07,MSM,,0
2026-03-08,MSM,,0
2026-03-09,MSM,,0
2026-03-06,MTB,,0
2026-03-07,MTB,,0
2026-03-08,MTB,,0
2026-03-09,MTB,,0
2026-03-06,MTCH,,0
2026-03-07,MTCH,,0
2026-03-08,MTCH,,0
2026-03-09,MTCH,,0
2026-03-06,MTD,,0
2026-03-07,MTD,,0
2026-03-08,MTD,,0
2026-03-09,MTD,,0
2026-03-06,MTDR,,0
2026-03-07,MTDR,,0
2026-03-08,MTDR,,0
2026-03-09,MTDR,,0
2026-03-06,MTG,,0
2026-03-07,MTG,,0
2026-03-08,MTG,,0
2026-03-09,MTG,,0
2026-03-06,MTH,,0
2026-03-07,MTH,,0
2026-03-08,MTH,,0
2026-03-09,MTH,,0
2026-03-06,MTN,,0
2026-03-07,MTN,,0
2026-03-08,MTN,,0
2026-03-09,MTN,,0
2026-03-06,MTRN,,0
2026-03-07,MTRN,,0
2026-03-08,MTRN,,0
2026-03-09,MTRN,,0
2026-03-06,MTSI,,0
2026-03-07,MTSI,,0
2026-03-08,MTSI,,0
2026-03-09,MTSI,,0
2026-03-06,MTUS,,0
2026-03-07,MTUS,,0
2026-03-08,MTUS,,0
2026-03-09,MTUS,,0
2026-03-06,MTX,,0
2026-03-07,MTX,,0
2026-03-08,MTX,,0
2026-03-09,MTX,,0
2026-03-06,MTZ,,0
2026-03-07,MTZ,,0
2026-03-08,MTZ,,0
2026-03-09,MTZ,,0
2026-03-06,MU,,0
2026-03-07,MU,,0
2026-03-08,MU,,0
2026-03-09,MU,,0
2026-03-06,MUR,,0
2026-03-07,MUR,,0
2026-03-08,MUR,,0
2026-03-09,MUR,,0
2026-03-06,MUSA,,0
2026-03-07,MUSA,,0
2026-03-08,MUSA,,0
2026-03-09,MUSA,,0
2026-03-06,MWA,,0
2026-03-07,MWA,,0
2026-03-08,MWA,,0
2026-03-09,MWA,,0
2026-03-06,MXL,,0
2026-03-07,MXL,,0
2026-03-08,MXL,,0
2026-03-09,MXL,,0
2026-03-06,MYGN,,0
2026-03-07,MYGN,,0
2026-03-08,MYGN,,0
2026-03-09,MYGN,,0
2026-03-06,MYRG,,0
2026-03-07,MYRG,,0
2026-03-08,MYRG,,0
2026-03-09,MYRG,,0
2026-03-06,MZTI,,0
2026-03-07,MZTI,,0
2026-03-08,MZTI,,0
2026-03-09,MZTI,,0
2026-03-06,NABL,,0
2026-03-07,NABL,,0
2026-03-08,NABL,,0
2026-03-09,NABL,,0
2026-03-06,NATL,,0
2026-03-07,NATL,,0
2026-03-08,NATL,,0
2026-03-09,NATL,,0
2026-03-06,NAVI,,0
2026-03-07,NAVI,,0
2026-03-08,NAVI,,0
2026-03-09,NAVI,,0
2026-03-06,NBHC,,0
2026-03-07,NBHC,,0
2026-03-08,NBHC,,0
2026-03-09,NBHC,,0
2026-03-06,NBIX,,0
2026-03-07,NBIX,,0
2026-03-08,NBIX,,0
2026-03-09,NBIX,,0
2026-03-06,NBTB,,0
2026-03-07,NBTB,,0
2026-03-08,NBTB,,0
2026-03-09,NBTB,,0
2026-03-06,NCLH,,0
2026-03-07,NCLH,,0
2026-03-08,NCLH,,0
2026-03-09,NCLH,,0
2026-03-06,NDAQ,,0
2026-03-07,NDAQ,,0
2026-03-08,NDAQ,,0
2026-03-09,NDAQ,,0
2026-03-06,NDSN,,0
2026-03-07,NDSN,,0
2026-03-08,NDSN,,0
2026-03-09,NDSN,,0
2026-03-06,NE,,0
2026-03-07,NE,,0
2026-03-08,NE,,0
2026-03-09,NE,,0
2026-03-06,NEE,,0
2026-03-07,NEE,,0
2026-03-08,NEE,,0
2026-03-09,NEE,,0
2026-03-06,NEM,,0
2026-03-07,NEM,,0
2026-03-08,NEM,,0
2026-03-09,NEM,,0
2026-03-06,NEO,,0
2026-03-07,NEO,,0
2026-03-08,NEO,,0
2026-03-09,NEO,,0
2026-03-06,NEOG,,0
2026-03-07,NEOG,,0
2026-03-08,NEOG,,0
2026-03-09,NEOG,,0
2026-03-06,NEU,,0
2026-03-07,NEU,,0
2026-03-08,NEU,,0
2026-03-09,NEU,,0
2026-03-06,NFG,,0
2026-03-07,NFG,,0
2026-03-08,NFG,,0
2026-03-09,NFG,,0
2026-03-06,NFLX,,0
2026-03-07,NFLX,,0
2026-03-08,NFLX,,0
2026-03-09,NFLX,,0
2026-03-06,NGVT,,0
2026-03-07,NGVT,,0
2026-03-08,NGVT,,0
2026-03-09,NGVT,,0
2026-03-06,NHC,,0
2026-03-07,NHC,,0
2026-03-08,NHC,,0
2026-03-09,NHC,,0
2026-03-06,NI,,0
2026-03-07,NI,,0
2026-03-08,NI,,0
2026-03-09,NI,,0
2026-03-06,NJR,,0
2026-03-07,NJR,,0
2026-03-08,NJR,,0
2026-03-09,NJR,,0
2026-03-06,NKE,,0
2026-03-07,NKE,,0
2026-03-08,NKE,,0
2026-03-09,NKE,,0
2026-03-06,NLY,,0
2026-03-07,NLY,,0
2026-03-08,NLY,,0
2026-03-09,NLY,,0
2026-03-06,NMIH,,0
2026-03-07,NMIH,,0
2026-03-08,NMIH,,0
2026-03-09,NMIH,,0
2026-03-06,NNN,,0
2026-03-07,NNN,,0
2026-03-08,NNN,,0
2026-03-09,NNN,,0
2026-03-06,NOC,,0
2026-03-07,NOC,,0
2026-03-08,NOC,,0
2026-03-09,NOC,,0
2026-03-06,NOG,,0
2026-03-07,NOG,,0
2026-03-08,NOG,,0
2026-03-09,NOG,,0
2026-03-06,NOV,,0
2026-03-07,NOV,,0
2026-03-08,NOV,,0
2026-03-09,NOV,,0
2026-03-06,NOVT,,0
2026-03-07,NOVT,,0
2026-03-08,NOVT,,0
2026-03-09,NOVT,,0
2026-03-06,NOW,,0
2026-03-07,NOW,,0
2026-03-08,NOW,,0
2026-03-09,NOW,,0
2026-03-06,NPK,,0
2026-03-07,NPK,,0
2026-03-08,NPK,,0
2026-03-09,NPK,,0
2026-03-06,NPO,,0
2026-03-07,NPO,,0
2026-03-08,NPO,,0
2026-03-09,NPO,,0
2026-03-06,NRG,,0
2026-03-07,NRG,,0
2026-03-08,NRG,,0
2026-03-09,NRG,,0
2026-03-06,NSA,,0
2026-03-07,NSA,,0
2026-03-08,NSA,,0
2026-03-09,NSA,,0
2026-03-06,NSC,,0
2026-03-07,NSC,,0
2026-03-08,NSC,,0
2026-03-09,NSC,,0
2026-03-06,NSIT,,0
2026-03-07,NSIT,,0
2026-03-08,NSIT,,0
2026-03-09,NSIT,,0
2026-03-06,NSP,,0
2026-03-07,NSP,,0
2026-03-08,NSP,,0
2026-03-09,NSP,,0
2026-03-06,NTAP,,0
2026-03-07,NTAP,,0
2026-03-08,NTAP,,0
2026-03-09,NTAP,,0
2026-03-06,NTCT,,0
2026-03-07,NTCT,,0
2026-03-08,NTCT,,0
2026-03-09,NTCT,,0
2026-03-06,NTNX,,0
2026-03-07,NTNX,,0
2026-03-08,NTNX,,0
2026-03-09,NTNX,,0
2026-03-06,NTRS,,0
2026-03-07,NTRS,,0
2026-03-08,NTRS,,0
2026-03-09,NTRS,,0
2026-03-06,NUE,,0
2026-03-07,NUE,,0
2026-03-08,NUE,,0
2026-03-09,NUE,,0
2026-03-06,NVDA,,0
2026-03-07,NVDA,,0
2026-03-08,NVDA,,0
2026-03-09,NVDA,,0
2026-03-06,NVR,,0
2026-03-07,NVR,,0
2026-03-08,NVR,,0
2026-03-09,NVR,,0
2026-03-06,NVRI,,0
2026-03-07,NVRI,,0
2026-03-08,NVRI,,0
2026-03-09,NVRI,,0
2026-03-06,NVST,,0
2026-03-07,NVST,,0
2026-03-08,NVST,,0
2026-03-09,NVST,,0
2026-03-06,NVT,,0
2026-03-07,NVT,,0
2026-03-08,NVT,,0
2026-03-09,NVT,,0
2026-03-06,NWBI,,0
2026-03-07,NWBI,,0
2026-03-08,NWBI,,0
2026-03-09,NWBI,,0
2026-03-06,NWE,,0
2026-03-07,NWE,,0
2026-03-08,NWE,,0
2026-03-09,NWE,,0
2026-03-06,NWL,,0
2026-03-07,NWL,,0
2026-03-08,NWL,,0
2026-03-09,NWL,,0
2026-03-06,NWN,,0
2026-03-07,NWN,,0
2026-03-08,NWN,,0
2026-03-09,NWN,,0
2026-03-06,NWS,,0
2026-03-07,NWS,,0
2026-03-08,NWS,,0
2026-03-09,NWS,,0
2026-03-06,NWSA,,0
2026-03-07,NWSA,,0
2026-03-08,NWSA,,0
2026-03-09,NWSA,,0
2026-03-06,NX,,0
2026-03-07,NX,,0
2026-03-08,NX,,0
2026-03-09,NX,,0
2026-03-06,NXPI,,0
2026-03-07,NXPI,,0
2026-03-08,NXPI,,0
2026-03-09,NXPI,,0
2026-03-06,NXRT,,0
2026-03-07,NXRT,,0
2026-03-08,NXRT,,0
2026-03-09,NXRT,,0
2026-03-06,NXST,,0
2026-03-07,NXST,,0
2026-03-08,NXST,,0
2026-03-09,NXST,,0
2026-03-06,NXT,,0
2026-03-07,NXT,,0
2026-03-08,NXT,,0
2026-03-09,NXT,,0
2026-03-06,NYT,,0
2026-03-07,NYT,,0
2026-03-08,NYT,,0
2026-03-09,NYT,,0
2026-03-06,O,,0
2026-03-07,O,,0
2026-03-08,O,,0
2026-03-09,O,,0
2026-03-06,OC,,0
2026-03-07,OC,,0
2026-03-08,OC,,0
2026-03-09,OC,,0
2026-03-06,ODFL,,0
2026-03-07,ODFL,,0
2026-03-08,ODFL,,0
2026-03-09,ODFL,,0
2026-03-06,OFG,,0
2026-03-07,OFG,,0
2026-03-08,OFG,,0
2026-03-09,OFG,,0
2026-03-06,OGE,,0
2026-03-07,OGE,,0
2026-03-08,OGE,,0
2026-03-09,OGE,,0
2026-03-06,OGN,,0
2026-03-07,OGN,,0
2026-03-08,OGN,,0
2026-03-09,OGN,,0
2026-03-06,OGS,,0
2026-03-07,OGS,,0
2026-03-08,OGS,,0
2026-03-09,OGS,,0
2026-03-06,OHI,,0
2026-03-07,OHI,,0
2026-03-08,OHI,,0
2026-03-09,OHI,,0
2026-03-06,OI,,0
2026-03-07,OI,,0
2026-03-08,OI,,0
2026-03-09,OI,,0
2026-03-06,OII,,0
2026-03-07,OII,,0
2026-03-08,OII,,0
2026-03-09,OII,,0
2026-03-06,OKE,,0
2026-03-07,OKE,,0
2026-03-08,OKE,,0
2026-03-09,OKE,,0
2026-03-06,OKTA,,0
2026-03-07,OKTA,,0
2026-03-08,OKTA,,0
2026-03-09,OKTA,,0
2026-03-06,OLED,,0
2026-03-07,OLED,,0
2026-03-08,OLED,,0
2026-03-09,OLED,,0
2026-03-06,OLLI,,0
2026-03-07,OLLI,,0
2026-03-08,OLLI,,0
2026-03-09,OLLI,,0
2026-03-06,OLN,,0
2026-03-07,OLN,,0
2026-03-08,OLN,,0
2026-03-09,OLN,,0
2026-03-06,OMC,,0
2026-03-07,OMC,,0
2026-03-08,OMC,,0
2026-03-09,OMC,,0
2026-03-06,OMCL,,0
2026-03-07,OMCL,,0
2026-03-08,OMCL,,0
2026-03-09,OMCL,,0
2026-03-06,ON,,0
2026-03-07,ON,,0
2026-03-08,ON,,0
2026-03-09,ON,,0
2026-03-06,ONB,,0
2026-03-07,ONB,,0
2026-03-08,ONB,,0
2026-03-09,ONB,,0
2026-03-06,ONTO,,0
2026-03-07,ONTO,,0
2026-03-08,ONTO,,0
2026-03-09,ONTO,,0
2026-03-06,OPCH,,0
2026-03-07,OPCH,,0
2026-03-08,OPCH,,0
2026-03-09,OPCH,,0
2026-03-06,OPLN,,0
2026-03-07,OPLN,,0
2026-03-08,OPLN,,0
2026-03-09,OPLN,,0
2026-03-06,ORA,,0
2026-03-07,ORA,,0
2026-03-08,ORA,,0
2026-03-09,ORA,,0
2026-03-06,ORCL,,0
2026-03-07,ORCL,,0
2026-03-08,ORCL,,0
2026-03-09,ORCL,,0
2026-03-06,ORI,,0
2026-03-07,ORI,,0
2026-03-08,ORI,,0
2026-03-09,ORI,,0
2026-03-06,ORLY,,0
2026-03-07,ORLY,,0
2026-03-08,ORLY,,0
2026-03-09,ORLY,,0
2026-03-06,OSIS,,0
2026-03-07,OSIS,,0
2026-03-08,OSIS,,0
2026-03-09,OSIS,,0
2026-03-06,OSK,,0
2026-03-07,OSK,,0
2026-03-08,OSK,,0
2026-03-09,OSK,,0
2026-03-06,OSW,,0
2026-03-07,OSW,,0
2026-03-08,OSW,,0
2026-03-09,OSW,,0
2026-03-06,OTIS,,0
2026-03-07,OTIS,,0
2026-03-08,OTIS,,0
2026-03-09,OTIS,,0
2026-03-06,OTTR,,0
2026-03-07,OTTR,,0
2026-03-08,OTTR,,0
2026-03-09,OTTR,,0
2026-03-06,OUT,,0
2026-03-07,OUT,,0
2026-03-08,OUT,,0
2026-03-09,OUT,,0
2026-03-06,OVV,,0
2026-03-07,OVV,,0
2026-03-08,OVV,,0
2026-03-09,OVV,,0
2026-03-06,OXM,,0
2026-03-07,OXM,,0
2026-03-08,OXM,,0
2026-03-09,OXM,,0
2026-03-06,OXY,,0
2026-03-07,OXY,,0
2026-03-08,OXY,,0
2026-03-09,OXY,,0
2026-03-06,OZK,,0
2026-03-07,OZK,,0
2026-03-08,OZK,,0
2026-03-09,OZK,,0
2026-03-06,PAG,,0
2026-03-07,PAG,,0
2026-03-08,PAG,,0
2026-03-09,PAG,,0
2026-03-06,PAHC,,0
2026-03-07,PAHC,,0
2026-03-08,PAHC,,0
2026-03-09,PAHC,,0
2026-03-06,PANW,,0
2026-03-07,PANW,,0
2026-03-08,PANW,,0
2026-03-09,PANW,,0
2026-03-06,PARR,,0
2026-03-07,PARR,,0
2026-03-08,PARR,,0
2026-03-09,PARR,,0
2026-03-06,PATH,,0
2026-03-07,PATH,,0
2026-03-08,PATH,,0
2026-03-09,PATH,,0
2026-03-06,PATK,,0
2026-03-07,PATK,,0
2026-03-08,PATK,,0
2026-03-09,PATK,,0
2026-03-06,PAYC,,0
2026-03-07,PAYC,,0
2026-03-08,PAYC,,0
2026-03-09,PAYC,,0
2026-03-06,PAYO,,0
2026-03-07,PAYO,,0
2026-03-08,PAYO,,0
2026-03-09,PAYO,,0
2026-03-06,PAYX,,0
2026-03-07,PAYX,,0
2026-03-08,PAYX,,0
2026-03-09,PAYX,,0
2026-03-06,PB,,0
2026-03-07,PB,,0
2026-03-08,PB,,0
2026-03-09,PB,,0
2026-03-06,PBF,,0
2026-03-07,PBF,,0
2026-03-08,PBF,,0
2026-03-09,PBF,,0
2026-03-06,PBH,,0
2026-03-07,PBH,,0
2026-03-08,PBH,,0
2026-03-09,PBH,,0
2026-03-06,PBI,,0
2026-03-07,PBI,,0
2026-03-08,PBI,,0
2026-03-09,PBI,,0
2026-03-06,PCAR,,0
2026-03-07,PCAR,,0
2026-03-08,PCAR,,0
2026-03-09,PCAR,,0
2026-03-06,PCG,,0
2026-03-07,PCG,,0
2026-03-08,PCG,,0
2026-03-09,PCG,,0
2026-03-06,PCRX,,0
2026-03-07,PCRX,,0
2026-03-08,PCRX,,0
2026-03-09,PCRX,,0
2026-03-06,PCTY,,0
2026-03-07,PCTY,,0
2026-03-08,PCTY,,0
2026-03-09,PCTY,,0
2026-03-06,PDFS,,0
2026-03-07,PDFS,,0
2026-03-08,PDFS,,0
2026-03-09,PDFS,,0
2026-03-06,PEB,,0
2026-03-07,PEB,,0
2026-03-08,PEB,,0
2026-03-09,PEB,,0
2026-03-06,PECO,,0
2026-03-07,PECO,,0
2026-03-08,PECO,,0
2026-03-09,PECO,,0
2026-03-06,PEG,,0
2026-03-07,PEG,,0
2026-03-08,PEG,,0
2026-03-09,PEG,,0
2026-03-06,PEGA,,0
2026-03-07,PEGA,,0
2026-03-08,PEGA,,0
2026-03-09,PEGA,,0
2026-03-06,PEN,,0
2026-03-07,PEN,,0
2026-03-08,PEN,,0
2026-03-09,PEN,,0
2026-03-06,PENG,,0
2026-03-07,PENG,,0
2026-03-08,PENG,,0
2026-03-09,PENG,,0
2026-03-06,PENN,,0
2026-03-07,PENN,,0
2026-03-08,PENN,,0
2026-03-09,PENN,,0
2026-03-06,PEP,,0
2026-03-07,PEP,,0
2026-03-08,PEP,,0
2026-03-09,PEP,,0
2026-03-06,PFBC,,0
2026-03-07,PFBC,,0
2026-03-08,PFBC,,0
2026-03-09,PFBC,,0
2026-03-06,PFE,,0
2026-03-07,PFE,,0
2026-03-08,PFE,,0
2026-03-09,PFE,,0
2026-03-06,PFG,,0
2026-03-07,PFG,,0
2026-03-08,PFG,,0
2026-03-09,PFG,,0
2026-03-06,PFGC,,0
2026-03-07,PFGC,,0
2026-03-08,PFGC,,0
2026-03-09,PFGC,,0
2026-03-06,PFS,,0
2026-03-07,PFS,,0
2026-03-08,PFS,,0
2026-03-09,PFS,,0
2026-03-06,PG,,0
2026-03-07,PG,,0
2026-03-08,PG,,0
2026-03-09,PG,,0
2026-03-06,PGNY,,0
2026-03-07,PGNY,,0
2026-03-08,PGNY,,0
2026-03-09,PGNY,,0
2026-03-06,PGR,,0
2026-03-07,PGR,,0
2026-03-08,PGR,,0
2026-03-09,PGR,,0
2026-03-06,PH,,0
2026-03-07,PH,,0
2026-03-08,PH,,0
2026-03-09,PH,,0
2026-03-06,PHIN,,0
2026-03-07,PHIN,,0
2026-03-08,PHIN,,0
2026-03-09,PHIN,,0
2026-03-06,PHM,,0
2026-03-07,PHM,,0
2026-03-08,PHM,,0
2026-03-09,PHM,,0
2026-03-06,PI,,0
2026-03-07,PI,,0
2026-03-08,PI,,0
2026-03-09,PI,,0
2026-03-06,PII,,0
2026-03-07,PII,,0
2026-03-08,PII,,0
2026-03-09,PII,,0
2026-03-06,PINS,,0
2026-03-07,PINS,,0
2026-03-08,PINS,,0
2026-03-09,PINS,,0
2026-03-06,PIPR,,0
2026-03-07,PIPR,,0
2026-03-08,PIPR,,0
2026-03-09,PIPR,,0
2026-03-06,PJT,,0
2026-03-07,PJT,,0
2026-03-08,PJT,,0
2026-03-09,PJT,,0
2026-03-06,PK,,0
2026-03-07,PK,,0
2026-03-08,PK,,0
2026-03-09,PK,,0
2026-03-06,PKG,,0
2026-03-07,PKG,,0
2026-03-08,PKG,,0
2026-03-09,PKG,,0
2026-03-06,PLAB,,0
2026-03-07,PLAB,,0
2026-03-08,PLAB,,0
2026-03-09,PLAB,,0
2026-03-06,PLAY,,0
2026-03-07,PLAY,,0
2026-03-08,PLAY,,0
2026-03-09,PLAY,,0
2026-03-06,PLD,,0
2026-03-07,PLD,,0
2026-03-08,PLD,,0
2026-03-09,PLD,,0
2026-03-06,PLMR,,0
2026-03-07,PLMR,,0
2026-03-08,PLMR,,0
2026-03-09,PLMR,,0
2026-03-06,PLNT,,0
2026-03-07,PLNT,,0
2026-03-08,PLNT,,0
2026-03-09,PLNT,,0
2026-03-06,PLTR,,0
2026-03-07,PLTR,,0
2026-03-08,PLTR,,0
2026-03-09,PLTR,,0
2026-03-06,PLUS,,0
2026-03-07,PLUS,,0
2026-03-08,PLUS,,0
2026-03-09,PLUS,,0
2026-03-06,PLXS,,0
2026-03-07,PLXS,,0
2026-03-08,PLXS,,0
2026-03-09,PLXS,,0
2026-03-06,PM,,0
2026-03-07,PM,,0
2026-03-08,PM,,0
2026-03-09,PM,,0
2026-03-06,PMT,,0
2026-03-07,PMT,,0
2026-03-08,PMT,,0
2026-03-09,PMT,,0
2026-03-06,PNC,,0
2026-03-07,PNC,,0
2026-03-08,PNC,,0
2026-03-09,PNC,,0
2026-03-06,PNFP,,0
2026-03-07,PNFP,,0
2026-03-08,PNFP,,0
2026-03-09,PNFP,,0
2026-03-06,PNR,,0
2026-03-07,PNR,,0
2026-03-08,PNR,,0
2026-03-09,PNR,,0
2026-03-06,PNW,,0
2026-03-07,PNW,,0
2026-03-08,PNW,,0
2026-03-09,PNW,,0
2026-03-06,PODD,,0
2026-03-07,PODD,,0
2026-03-08,PODD,,0
2026-03-09,PODD,,0
2026-03-06,POOL,,0
2026-03-07,POOL,,0
2026-03-08,POOL,,0
2026-03-09,POOL,,0
2026-03-06,POR,,0
2026-03-07,POR,,0
2026-03-08,POR,,0
2026-03-09,POR,,0
2026-03-06,POST,,0
2026-03-07,POST,,0
2026-03-08,POST,,0
2026-03-09,POST,,0
2026-03-06,POWI,,0
2026-03-07,POWI,,0
2026-03-08,POWI,,0
2026-03-09,POWI,,0
2026-03-06,POWL,,0
2026-03-07,POWL,,0
2026-03-08,POWL,,0
2026-03-09,POWL,,0
2026-03-06,PPC,,0
2026-03-07,PPC,,0
2026-03-08,PPC,,0
2026-03-09,PPC,,0
2026-03-06,PPG,,0
2026-03-07,PPG,,0
2026-03-08,PPG,,0
2026-03-09,PPG,,0
2026-03-06,PPL,,0
2026-03-07,PPL,,0
2026-03-08,PPL,,0
2026-03-09,PPL,,0
2026-03-06,PR,,0
2026-03-07,PR,,0
2026-03-08,PR,,0
2026-03-09,PR,,0
2026-03-06,PRA,,0
2026-03-07,PRA,,0
2026-03-08,PRA,,0
2026-03-09,PRA,,0
2026-03-06,PRAA,,0
2026-03-07,PRAA,,0
2026-03-08,PRAA,,0
2026-03-09,PRAA,,0
2026-03-06,PRDO,,0
2026-03-07,PRDO,,0
2026-03-08,PRDO,,0
2026-03-09,PRDO,,0
2026-03-06,PRG,,0
2026-03-07,PRG,,0
2026-03-08,PRG,,0
2026-03-09,PRG,,0
2026-03-06,PRGO,,0
2026-03-07,PRGO,,0
2026-03-08,PRGO,,0
2026-03-09,PRGO,,0
2026-03-06,PRGS,,0
2026-03-07,PRGS,,0
2026-03-08,PRGS,,0
2026-03-09,PRGS,,0
2026-03-06,PRI,,0
2026-03-07,PRI,,0
2026-03-08,PRI,,0
2026-03-09,PRI,,0
2026-03-06,PRIM,,0
2026-03-07,PRIM,,0
2026-03-08,PRIM,,0
2026-03-09,PRIM,,0
2026-03-06,PRK,,0
2026-03-07,PRK,,0
2026-03-08,PRK,,0
2026-03-09,PRK,,0
2026-03-06,PRKS,,0
2026-03-07,PRKS,,0
2026-03-08,PRKS,,0
2026-03-09,PRKS,,0
2026-03-06,PRLB,,0
2026-03-07,PRLB,,0
2026-03-08,PRLB,,0
2026-03-09,PRLB,,0
2026-03-06,PRSU,,0
2026-03-07,PRSU,,0
2026-03-08,PRSU,,0
2026-03-09,PRSU,,0
2026-03-06,PRU,,0
2026-03-07,PRU,,0
2026-03-08,PRU,,0
2026-03-09,PRU,,0
2026-03-06,PRVA,,0
2026-03-07,PRVA,,0
2026-03-08,PRVA,,0
2026-03-09,PRVA,,0
2026-03-06,PSA,,0
2026-03-07,PSA,,0
2026-03-08,PSA,,0
2026-03-09,PSA,,0
2026-03-06,PSKY,,0
2026-03-07,PSKY,,0
2026-03-08,PSKY,,0
2026-03-09,PSKY,,0
2026-03-06,PSMT,,0
2026-03-07,PSMT,,0
2026-03-08,PSMT,,0
2026-03-09,PSMT,,0
2026-03-06,PSN,,0
2026-03-07,PSN,,0
2026-03-08,PSN,,0
2026-03-09,PSN,,0
2026-03-06,PSTG,,0
2026-03-07,PSTG,,0
2026-03-08,PSTG,,0
2026-03-09,PSTG,,0
2026-03-06,PSX,,0
2026-03-07,PSX,,0
2026-03-08,PSX,,0
2026-03-09,PSX,,0
2026-03-06,PTC,,0
2026-03-07,PTC,,0
2026-03-08,PTC,,0
2026-03-09,PTC,,0
2026-03-06,PTCT,,0
2026-03-07,PTCT,,0
2026-03-08,PTCT,,0
2026-03-09,PTCT,,0
2026-03-06,PTEN,,0
2026-03-07,PTEN,,0
2026-03-08,PTEN,,0
2026-03-09,PTEN,,0
2026-03-06,PTGX,,0
2026-03-07,PTGX,,0
2026-03-08,PTGX,,0
2026-03-09,PTGX,,0
2026-03-06,PVH,,0
2026-03-07,PVH,,0
2026-03-08,PVH,,0
2026-03-09,PVH,,0
2026-03-06,PWR,,0
2026-03-07,PWR,,0
2026-03-08,PWR,,0
2026-03-09,PWR,,0
2026-03-06,PYPL,,0
2026-03-07,PYPL,,0
2026-03-08,PYPL,,0
2026-03-09,PYPL,,0
2026-03-06,PZZA,,0
2026-03-07,PZZA,,0
2026-03-08,PZZA,,0
2026-03-09,PZZA,,0
2026-03-06,Q,,0
2026-03-07,Q,,0
2026-03-08,Q,,0
2026-03-09,Q,,0
2026-03-06,QCOM,,0
2026-03-07,QCOM,,0
2026-03-08,QCOM,,0
2026-03-09,QCOM,,0
2026-03-06,QDEL,,0
2026-03-07,QDEL,,0
2026-03-08,QDEL,,0
2026-03-09,QDEL,,0
2026-03-06,QLYS,,0
2026-03-07,QLYS,,0
2026-03-08,QLYS,,0
2026-03-09,QLYS,,0
2026-03-06,QNST,,0
2026-03-07,QNST,,0
2026-03-08,QNST,,0
2026-03-09,QNST,,0
2026-03-06,QRVO,,0
2026-03-07,QRVO,,0
2026-03-08,QRVO,,0
2026-03-09,QRVO,,0
2026-03-06,QTWO,,0
2026-03-07,QTWO,,0
2026-03-08,QTWO,,0
2026-03-09,QTWO,,0
2026-03-06,R,,0
2026-03-07,R,,0
2026-03-08,R,,0
2026-03-09,R,,0
2026-03-06,RAL,,0
2026-03-07,RAL,,0
2026-03-08,RAL,,0
2026-03-09,RAL,,0
2026-03-06,RAMP,,0
2026-03-07,RAMP,,0
2026-03-08,RAMP,,0
2026-03-09,RAMP,,0
2026-03-06,RBA,,0
2026-03-07,RBA,,0
2026-03-08,RBA,,0
2026-03-09,RBA,,0
2026-03-06,RBC,,0
2026-03-07,RBC,,0
2026-03-08,RBC,,0
2026-03-09,RBC,,0
2026-03-06,RCL,,0
2026-03-07,RCL,,0
2026-03-08,RCL,,0
2026-03-09,RCL,,0
2026-03-06,RCUS,,0
2026-03-07,RCUS,,0
2026-03-08,RCUS,,0
2026-03-09,RCUS,,0
2026-03-06,RDN,,0
2026-03-07,RDN,,0
2026-03-08,RDN,,0
2026-03-09,RDN,,0
2026-03-06,RDNT,,0
2026-03-07,RDNT,,0
2026-03-08,RDNT,,0
2026-03-09,RDNT,,0
2026-03-06,REG,,0
2026-03-07,REG,,0
2026-03-08,REG,,0
2026-03-09,REG,,0
2026-03-06,REGN,,0
2026-03-07,REGN,,0
2026-03-08,REGN,,0
2026-03-09,REGN,,0
2026-03-06,RES,,0
2026-03-07,RES,,0
2026-03-08,RES,,0
2026-03-09,RES,,0
2026-03-06,REX,,0
2026-03-07,REX,,0
2026-03-08,REX,,0
2026-03-09,REX,,0
2026-03-06,REXR,,0
2026-03-07,REXR,,0
2026-03-08,REXR,,0
2026-03-09,REXR,,0
2026-03-06,REYN,,0
2026-03-07,REYN,,0
2026-03-08,REYN,,0
2026-03-09,REYN,,0
2026-03-06,REZI,,0
2026-03-07,REZI,,0
2026-03-08,REZI,,0
2026-03-09,REZI,,0
2026-03-06,RF,,0
2026-03-07,RF,,0
2026-03-08,RF,,0
2026-03-09,RF,,0
2026-03-06,RGA,,0
2026-03-07,RGA,,0
2026-03-08,RGA,,0
2026-03-09,RGA,,0
2026-03-06,RGEN,,0
2026-03-07,RGEN,,0
2026-03-08,RGEN,,0
2026-03-09,RGEN,,0
2026-03-06,RGLD,,0
2026-03-07,RGLD,,0
2026-03-08,RGLD,,0
2026-03-09,RGLD,,0
2026-03-06,RH,,0
2026-03-07,RH,,0
2026-03-08,RH,,0
2026-03-09,RH,,0
2026-03-06,RHI,,0
2026-03-07,RHI,,0
2026-03-08,RHI,,0
2026-03-09,RHI,,0
2026-03-06,RHP,,0
2026-03-07,RHP,,0
2026-03-08,RHP,,0
2026-03-09,RHP,,0
2026-03-06,RJF,,0
2026-03-07,RJF,,0
2026-03-08,RJF,,0
2026-03-09,RJF,,0
2026-03-06,RL,,0
2026-03-07,RL,,0
2026-03-08,RL,,0
2026-03-09,RL,,0
2026-03-06,RLI,,0
2026-03-07,RLI,,0
2026-03-08,RLI,,0
2026-03-09,RLI,,0
2026-03-06,RMBS,,0
2026-03-07,RMBS,,0
2026-03-08,RMBS,,0
2026-03-09,RMBS,,0
2026-03-06,RMD,,0
2026-03-07,RMD,,0
2026-03-08,RMD,,0
2026-03-09,RMD,,0
2026-03-06,RNG,,0
2026-03-07,RNG,,0
2026-03-08,RNG,,0
2026-03-09,RNG,,0
2026-03-06,RNR,,0
2026-03-07,RNR,,0
2026-03-08,RNR,,0
2026-03-09,RNR,,0
2026-03-06,RNST,,0
2026-03-07,RNST,,0
2026-03-08,RNST,,0
2026-03-09,RNST,,0
2026-03-06,ROCK,,0
2026-03-07,ROCK,,0
2026-03-08,ROCK,,0
2026-03-09,ROCK,,0
2026-03-06,ROG,,0
2026-03-07,ROG,,0
2026-03-08,ROG,,0
2026-03-09,ROG,,0
2026-03-06,ROIV,,0
2026-03-07,ROIV,,0
2026-03-08,ROIV,,0
2026-03-09,ROIV,,0
2026-03-06,ROK,,0
2026-03-07,ROK,,0
2026-03-08,ROK,,0
2026-03-09,ROK,,0
2026-03-06,ROL,,0
2026-03-07,ROL,,0
2026-03-08,ROL,,0
2026-03-09,ROL,,0
2026-03-06,ROP,,0
2026-03-07,ROP,,0
2026-03-08,ROP,,0
2026-03-09,ROP,,0
2026-03-06,ROST,,0
2026-03-07,ROST,,0
2026-03-08,ROST,,0
2026-03-09,ROST,,0
2026-03-06,RPM,,0
2026-03-07,RPM,,0
2026-03-08,RPM,,0
2026-03-09,RPM,,0
2026-03-06,RRC,,0
2026-03-07,RRC,,0
2026-03-08,RRC,,0
2026-03-09,RRC,,0
2026-03-06,RRR,,0
2026-03-07,RRR,,0
2026-03-08,RRR,,0
2026-03-09,RRR,,0
2026-03-06,RRX,,0
2026-03-07,RRX,,0
2026-03-08,RRX,,0
2026-03-09,RRX,,0
2026-03-06,RS,,0
2026-03-07,RS,,0
2026-03-08,RS,,0
2026-03-09,RS,,0
2026-03-06,RSG,,0
2026-03-07,RSG,,0
2026-03-08,RSG,,0
2026-03-09,RSG,,0
2026-03-06,RTX,,0
2026-03-07,RTX,,0
2026-03-08,RTX,,0
2026-03-09,RTX,,0
2026-03-06,RUN,,0
2026-03-07,RUN,,0
2026-03-08,RUN,,0
2026-03-09,RUN,,0
2026-03-06,RUSHA,,0
2026-03-07,RUSHA,,0
2026-03-08,RUSHA,,0
2026-03-09,RUSHA,,0
2026-03-06,RVTY,,0
2026-03-07,RVTY,,0
2026-03-08,RVTY,,0
2026-03-09,RVTY,,0
2026-03-06,RWT,,0
2026-03-07,RWT,,0
2026-03-08,RWT,,0
2026-03-09,RWT,,0
2026-03-06,RXO,,0
2026-03-07,RXO,,0
2026-03-08,RXO,,0
2026-03-09,RXO,,0
2026-03-06,RYAN,,0
2026-03-07,RYAN,,0
2026-03-08,RYAN,,0
2026-03-09,RYAN,,0
2026-03-06,RYN,,0
2026-03-07,RYN,,0
2026-03-08,RYN,,0
2026-03-09,RYN,,0
2026-03-06,SABR,,0
2026-03-07,SABR,,0
2026-03-08,SABR,,0
2026-03-09,SABR,,0
2026-03-06,SAFE,,0
2026-03-07,SAFE,,0
2026-03-08,SAFE,,0
2026-03-09,SAFE,,0
2026-03-06,SAFT,,0
2026-03-07,SAFT,,0
2026-03-08,SAFT,,0
2026-03-09,SAFT,,0
2026-03-06,SAH,,0
2026-03-07,SAH,,0
2026-03-08,SAH,,0
2026-03-09,SAH,,0
2026-03-06,SAIA,,0
2026-03-07,SAIA,,0
2026-03-08,SAIA,,0
2026-03-09,SAIA,,0
2026-03-06,SAIC,,0
2026-03-07,SAIC,,0
2026-03-08,SAIC,,0
2026-03-09,SAIC,,0
2026-03-06,SAM,,0
2026-03-07,SAM,,0
2026-03-08,SAM,,0
2026-03-09,SAM,,0
2026-03-06,SANM,,0
2026-03-07,SANM,,0
2026-03-08,SANM,,0
2026-03-09,SANM,,0
2026-03-06,SARO,,0
2026-03-07,SARO,,0
2026-03-08,SARO,,0
2026-03-09,SARO,,0
2026-03-06,SATS,,0
2026-03-07,SATS,,0
2026-03-08,SATS,,0
2026-03-09,SATS,,0
2026-03-06,SBAC,,0
2026-03-07,SBAC,,0
2026-03-08,SBAC,,0
2026-03-09,SBAC,,0
2026-03-06,SBCF,,0
2026-03-07,SBCF,,0
2026-03-08,SBCF,,0
2026-03-09,SBCF,,0
2026-03-06,SBH,,0
2026-03-07,SBH,,0
2026-03-08,SBH,,0
2026-03-09,SBH,,0
2026-03-06,SBRA,,0
2026-03-07,SBRA,,0
2026-03-08,SBRA,,0
2026-03-09,SBRA,,0
2026-03-06,SBSI,,0
2026-03-07,SBSI,,0
2026-03-08,SBSI,,0
2026-03-09,SBSI,,0
2026-03-06,SBUX,,0
2026-03-07,SBUX,,0
2026-03-08,SBUX,,0
2026-03-09,SBUX,,0
2026-03-06,SCHL,,0
2026-03-07,SCHL,,0
2026-03-08,SCHL,,0
2026-03-09,SCHL,,0
2026-03-06,SCHW,,0
2026-03-07,SCHW,,0
2026-03-08,SCHW,,0
2026-03-09,SCHW,,0
2026-03-06,SCI,,0
2026-03-07,SCI,,0
2026-03-08,SCI,,0
2026-03-09,SCI,,0
2026-03-06,SCL,,0
2026-03-07,SCL,,0
2026-03-08,SCL,,0
2026-03-09,SCL,,0
2026-03-06,SCSC,,0
2026-03-07,SCSC,,0
2026-03-08,SCSC,,0
2026-03-09,SCSC,,0
2026-03-06,SDGR,,0
2026-03-07,SDGR,,0
2026-03-08,SDGR,,0
2026-03-09,SDGR,,0
2026-03-06,SEDG,,0
2026-03-07,SEDG,,0
2026-03-08,SEDG,,0
2026-03-09,SEDG,,0
2026-03-06,SEE,,0
2026-03-07,SEE,,0
2026-03-08,SEE,,0
2026-03-09,SEE,,0
2026-03-06,SEIC,,0
2026-03-07,SEIC,,0
2026-03-08,SEIC,,0
2026-03-09,SEIC,,0
2026-03-06,SEM,,0
2026-03-07,SEM,,0
2026-03-08,SEM,,0
2026-03-09,SEM,,0
2026-03-06,SEZL,,0
2026-03-07,SEZL,,0
2026-03-08,SEZL,,0
2026-03-09,SEZL,,0
2026-03-06,SF,,0
2026-03-07,SF,,0
2026-03-08,SF,,0
2026-03-09,SF,,0
2026-03-06,SFBS,,0
2026-03-07,SFBS,,0
2026-03-08,SFBS,,0
2026-03-09,SFBS,,0
2026-03-06,SFM,,0
2026-03-07,SFM,,0
2026-03-08,SFM,,0
2026-03-09,SFM,,0
2026-03-06,SFNC,,0
2026-03-07,SFNC,,0
2026-03-08,SFNC,,0
2026-03-09,SFNC,,0
2026-03-06,SGI,,0
2026-03-07,SGI,,0
2026-03-08,SGI,,0
2026-03-09,SGI,,0
2026-03-06,SHAK,,0
2026-03-07,SHAK,,0
2026-03-08,SHAK,,0
2026-03-09,SHAK,,0
2026-03-06,SHC,,0
2026-03-07,SHC,,0
2026-03-08,SHC,,0
2026-03-09,SHC,,0
2026-03-06,SHEN,,0
2026-03-07,SHEN,,0
2026-03-08,SHEN,,0
2026-03-09,SHEN,,0
2026-03-06,SHO,,0
2026-03-07,SHO,,0
2026-03-08,SHO,,0
2026-03-09,SHO,,0
2026-03-06,SHOO,,0
2026-03-07,SHOO,,0
2026-03-08,SHOO,,0
2026-03-09,SHOO,,0
2026-03-06,SHW,,0
2026-03-07,SHW,,0
2026-03-08,SHW,,0
2026-03-09,SHW,,0
2026-03-06,SIG,,0
2026-03-07,SIG,,0
2026-03-08,SIG,,0
2026-03-09,SIG,,0
2026-03-06,SIGI,,0
2026-03-07,SIGI,,0
2026-03-08,SIGI,,0
2026-03-09,SIGI,,0
2026-03-06,SITM,,0
2026-03-07,SITM,,0
2026-03-08,SITM,,0
2026-03-09,SITM,,0
2026-03-06,SJM,,0
2026-03-07,SJM,,0
2026-03-08,SJM,,0
2026-03-09,SJM,,0
2026-03-06,SKT,,0
2026-03-07,SKT,,0
2026-03-08,SKT,,0
2026-03-09,SKT,,0
2026-03-06,SKY,,0
2026-03-07,SKY,,0
2026-03-08,SKY,,0
2026-03-09,SKY,,0
2026-03-06,SKYW,,0
2026-03-07,SKYW,,0
2026-03-08,SKYW,,0
2026-03-09,SKYW,,0
2026-03-06,SLAB,,0
2026-03-07,SLAB,,0
2026-03-08,SLAB,,0
2026-03-09,SLAB,,0
2026-03-06,SLB,,0
2026-03-07,SLB,,0
2026-03-08,SLB,,0
2026-03-09,SLB,,0
2026-03-06,SLG,,0
2026-03-07,SLG,,0
2026-03-08,SLG,,0
2026-03-09,SLG,,0
2026-03-06,SLGN,,0
2026-03-07,SLGN,,0
2026-03-08,SLGN,,0
2026-03-09,SLGN,,0
2026-03-06,SLM,,0
2026-03-07,SLM,,0
2026-03-08,SLM,,0
2026-03-09,SLM,,0
2026-03-06,SLVM,,0
2026-03-07,SLVM,,0
2026-03-08,SLVM,,0
2026-03-09,SLVM,,0
2026-03-06,SM,,0
2026-03-07,SM,,0
2026-03-08,SM,,0
2026-03-09,SM,,0
2026-03-06,SMCI,,0
2026-03-07,SMCI,,0
2026-03-08,SMCI,,0
2026-03-09,SMCI,,0
2026-03-06,SMG,,0
2026-03-07,SMG,,0
2026-03-08,SMG,,0
2026-03-09,SMG,,0
2026-03-06,SMP,,0
2026-03-07,SMP,,0
2026-03-08,SMP,,0
2026-03-09,SMP,,0
2026-03-06,SMPL,,0
2026-03-07,SMPL,,0
2026-03-08,SMPL,,0
2026-03-09,SMPL,,0
2026-03-06,SMTC,,0
2026-03-07,SMTC,,0
2026-03-08,SMTC,,0
2026-03-09,SMTC,,0
2026-03-06,SNA,,0
2026-03-07,SNA,,0
2026-03-08,SNA,,0
2026-03-09,SNA,,0
2026-03-06,SNCY,,0
2026-03-07,SNCY,,0
2026-03-08,SNCY,,0
2026-03-09,SNCY,,0
2026-03-06,SNDK,,0
2026-03-07,SNDK,,0
2026-03-08,SNDK,,0
2026-03-09,SNDK,,0
2026-03-06,SNDR,,0
2026-03-07,SNDR,,0
2026-03-08,SNDR,,0
2026-03-09,SNDR,,0
2026-03-06,SNEX,,0
2026-03-07,SNEX,,0
2026-03-08,SNEX,,0
2026-03-09,SNEX,,0
2026-03-06,SNOW,,0
2026-03-06,SNPS,,0
2026-03-07,SNPS,,0
2026-03-08,SNPS,,0
2026-03-09,SNPS,,0
2026-03-06,SNX,,0
2026-03-07,SNX,,0
2026-03-08,SNX,,0
2026-03-09,SNX,,0
2026-03-06,SO,,0
2026-03-07,SO,,0
2026-03-08,SO,,0
2026-03-09,SO,,0
2026-03-06,SOLS,,0
2026-03-07,SOLS,,0
2026-03-08,SOLS,,0
2026-03-09,SOLS,,0
2026-03-06,SOLV,,0
2026-03-07,SOLV,,0
2026-03-08,SOLV,,0
2026-03-09,SOLV,,0
2026-03-06,SON,,0
2026-03-07,SON,,0
2026-03-08,SON,,0
2026-03-09,SON,,0
2026-03-06,SONO,,0
2026-03-07,SONO,,0
2026-03-08,SONO,,0
2026-03-09,SONO,,0
2026-03-06,SPG,,0
2026-03-07,SPG,,0
2026-03-08,SPG,,0
2026-03-09,SPG,,0
2026-03-06,SPGI,,0
2026-03-07,SPGI,,0
2026-03-08,SPGI,,0
2026-03-09,SPGI,,0
2026-03-06,SPNT,,0
2026-03-07,SPNT,,0
2026-03-08,SPNT,,0
2026-03-09,SPNT,,0
2026-03-06,SPSC,,0
2026-03-07,SPSC,,0
2026-03-08,SPSC,,0
2026-03-09,SPSC,,0
2026-03-06,SPXC,,0
2026-03-07,SPXC,,0
2026-03-08,SPXC,,0
2026-03-09,SPXC,,0
2026-03-06,SR,,0
2026-03-07,SR,,0
2026-03-08,SR,,0
2026-03-09,SR,,0
2026-03-06,SRE,,0
2026-03-07,SRE,,0
2026-03-08,SRE,,0
2026-03-09,SRE,,0
2026-03-06,SRPT,,0
2026-03-07,SRPT,,0
2026-03-08,SRPT,,0
2026-03-09,SRPT,,0
2026-03-06,SSB,,0
2026-03-07,SSB,,0
2026-03-08,SSB,,0
2026-03-09,SSB,,0
2026-03-06,SSD,,0
2026-03-07,SSD,,0
2026-03-08,SSD,,0
2026-03-09,SSD,,0
2026-03-06,SSTK,,0
2026-03-07,SSTK,,0
2026-03-08,SSTK,,0
2026-03-09,SSTK,,0
2026-03-06,ST,,0
2026-03-07,ST,,0
2026-03-08,ST,,0
2026-03-09,ST,,0
2026-03-06,STAA,,0
2026-03-07,STAA,,0
2026-03-08,STAA,,0
2026-03-09,STAA,,0
2026-03-06,STAG,,0
2026-03-07,STAG,,0
2026-03-08,STAG,,0
2026-03-09,STAG,,0
2026-03-06,STBA,,0
2026-03-07,STBA,,0
2026-03-08,STBA,,0
2026-03-09,STBA,,0
2026-03-06,STC,,0
2026-03-07,STC,,0
2026-03-08,STC,,0
2026-03-09,STC,,0
2026-03-06,STE,,0
2026-03-07,STE,,0
2026-03-08,STE,,0
2026-03-09,STE,,0
2026-03-06,STEL,,0
2026-03-07,STEL,,0
2026-03-08,STEL,,0
2026-03-09,STEL,,0
2026-03-06,STEP,,0
2026-03-07,STEP,,0
2026-03-08,STEP,,0
2026-03-09,STEP,,0
2026-03-06,STLD,,0
2026-03-07,STLD,,0
2026-03-08,STLD,,0
2026-03-09,STLD,,0
2026-03-06,STRA,,0
2026-03-07,STRA,,0
2026-03-08,STRA,,0
2026-03-09,STRA,,0
2026-03-06,STRL,,0
2026-03-07,STRL,,0
2026-03-08,STRL,,0
2026-03-09,STRL,,0
2026-03-06,STT,,0
2026-03-07,STT,,0
2026-03-08,STT,,0
2026-03-09,STT,,0
2026-03-06,STWD,,0
2026-03-07,STWD,,0
2026-03-08,STWD,,0
2026-03-09,STWD,,0
2026-03-06,STX,,0
2026-03-07,STX,,0
2026-03-08,STX,,0
2026-03-09,STX,,0
2026-03-06,STZ,,0
2026-03-07,STZ,,0
2026-03-08,STZ,,0
2026-03-09,STZ,,0
2026-03-06,SUPN,,0
2026-03-07,SUPN,,0
2026-03-08,SUPN,,0
2026-03-09,SUPN,,0
2026-03-06,SW,,0
2026-03-07,SW,,0
2026-03-08,SW,,0
2026-03-09,SW,,0
2026-03-06,SWK,,0
2026-03-07,SWK,,0
2026-03-08,SWK,,0
2026-03-09,SWK,,0
2026-03-06,SWKS,,0
2026-03-07,SWKS,,0
2026-03-08,SWKS,,0
2026-03-09,SWKS,,0
2026-03-06,SWX,,0
2026-03-07,SWX,,0
2026-03-08,SWX,,0
2026-03-09,SWX,,0
2026-03-06,SXC,,0
2026-03-07,SXC,,0
2026-03-08,SXC,,0
2026-03-09,SXC,,0
2026-03-06,SXI,,0
2026-03-07,SXI,,0
2026-03-08,SXI,,0
2026-03-09,SXI,,0
2026-03-06,SXT,,0
2026-03-07,SXT,,0
2026-03-08,SXT,,0
2026-03-09,SXT,,0
2026-03-06,SYF,,0
2026-03-07,SYF,,0
2026-03-08,SYF,,0
2026-03-09,SYF,,0
2026-03-06,SYK,,0
2026-03-07,SYK,,0
2026-03-08,SYK,,0
2026-03-09,SYK,,0
2026-03-06,SYNA,,0
2026-03-07,SYNA,,0
2026-03-08,SYNA,,0
2026-03-09,SYNA,,0
2026-03-06,SYY,,0
2026-03-07,SYY,,0
2026-03-08,SYY,,0
2026-03-09,SYY,,0
2026-03-06,T,,0
2026-03-07,T,,0
2026-03-08,T,,0
2026-03-09,T,,0
2026-03-06,TALO,,0
2026-03-07,TALO,,0
2026-03-08,TALO,,0
2026-03-09,TALO,,0
2026-03-06,TAP,,0
2026-03-07,TAP,,0
2026-03-08,TAP,,0
2026-03-09,TAP,,0
2026-03-06,TBBK,,0
2026-03-07,TBBK,,0
2026-03-08,TBBK,,0
2026-03-09,TBBK,,0
2026-03-06,TCBI,,0
2026-03-07,TCBI,,0
2026-03-08,TCBI,,0
2026-03-09,TCBI,,0
2026-03-06,TDC,,0
2026-03-07,TDC,,0
2026-03-08,TDC,,0
2026-03-09,TDC,,0
2026-03-06,TDG,,0
2026-03-07,TDG,,0
2026-03-08,TDG,,0
2026-03-09,TDG,,0
2026-03-06,TDS,,0
2026-03-07,TDS,,0
2026-03-08,TDS,,0
2026-03-09,TDS,,0
2026-03-06,TDW,,0
2026-03-07,TDW,,0
2026-03-08,TDW,,0
2026-03-09,TDW,,0
2026-03-06,TDY,,0
2026-03-07,TDY,,0
2026-03-08,TDY,,0
2026-03-09,TDY,,0
2026-03-06,TECH,,0
2026-03-07,TECH,,0
2026-03-08,TECH,,0
2026-03-09,TECH,,0
2026-03-06,TEL,,0
2026-03-07,TEL,,0
2026-03-08,TEL,,0
2026-03-09,TEL,,0
2026-03-06,TER,,0
2026-03-07,TER,,0
2026-03-08,TER,,0
2026-03-09,TER,,0
2026-03-06,TEX,,0
2026-03-07,TEX,,0
2026-03-08,TEX,,0
2026-03-09,TEX,,0
2026-03-06,TFC,,0
2026-03-07,TFC,,0
2026-03-08,TFC,,0
2026-03-09,TFC,,0
2026-03-06,TFIN,,0
2026-03-07,TFIN,,0
2026-03-08,TFIN,,0
2026-03-09,TFIN,,0
2026-03-06,TFX,,0
2026-03-07,TFX,,0
2026-03-08,TFX,,0
2026-03-09,TFX,,0
2026-03-06,TGNA,,0
2026-03-07,TGNA,,0
2026-03-08,TGNA,,0
2026-03-09,TGNA,,0
2026-03-06,TGT,,0
2026-03-07,TGT,,0
2026-03-08,TGT,,0
2026-03-09,TGT,,0
2026-03-06,TGTX,,0
2026-03-07,TGTX,,0
2026-03-08,TGTX,,0
2026-03-09,TGTX,,0
2026-03-06,THC,,0
2026-03-07,THC,,0
2026-03-08,THC,,0
2026-03-09,THC,,0
2026-03-06,THG,,0
2026-03-07,THG,,0
2026-03-08,THG,,0
2026-03-09,THG,,0
2026-03-06,THO,,0
2026-03-07,THO,,0
2026-03-08,THO,,0
2026-03-09,THO,,0
2026-03-06,THRM,,0
2026-03-07,THRM,,0
2026-03-08,THRM,,0
2026-03-09,THRM,,0
2026-03-06,TILE,,0
2026-03-07,TILE,,0
2026-03-08,TILE,,0
2026-03-09,TILE,,0
2026-03-06,TJX,,0
2026-03-07,TJX,,0
2026-03-08,TJX,,0
2026-03-09,TJX,,0
2026-03-06,TKO,,0
2026-03-07,TKO,,0
2026-03-08,TKO,,0
2026-03-09,TKO,,0
2026-03-06,TKR,,0
2026-03-07,TKR,,0
2026-03-08,TKR,,0
2026-03-09,TKR,,0
2026-03-06,TLN,,0
2026-03-07,TLN,,0
2026-03-08,TLN,,0
2026-03-09,TLN,,0
2026-03-06,TMDX,,0
2026-03-07,TMDX,,0
2026-03-08,TMDX,,0
2026-03-09,TMDX,,0
2026-03-06,TMHC,,0
2026-03-07,TMHC,,0
2026-03-08,TMHC,,0
2026-03-09,TMHC,,0
2026-03-06,TMO,,0
2026-03-07,TMO,,0
2026-03-08,TMO,,0
2026-03-09,TMO,,0
2026-03-06,TMP,,0
2026-03-07,TMP,,0
2026-03-08,TMP,,0
2026-03-09,TMP,,0
2026-03-06,TMUS,,0
2026-03-07,TMUS,,0
2026-03-08,TMUS,,0
2026-03-09,TMUS,,0
2026-03-06,TNC,,0
2026-03-07,TNC,,0
2026-03-08,TNC,,0
2026-03-09,TNC,,0
2026-03-06,TNDM,,0
2026-03-07,TNDM,,0
2026-03-08,TNDM,,0
2026-03-09,TNDM,,0
2026-03-06,TNL,,0
2026-03-07,TNL,,0
2026-03-08,TNL,,0
2026-03-09,TNL,,0
2026-03-06,TOL,,0
2026-03-07,TOL,,0
2026-03-08,TOL,,0
2026-03-09,TOL,,0
2026-03-06,TPH,,0
2026-03-07,TPH,,0
2026-03-08,TPH,,0
2026-03-09,TPH,,0
2026-03-06,TPL,,0
2026-03-07,TPL,,0
2026-03-08,TPL,,0
2026-03-09,TPL,,0
2026-03-06,TPR,,0
2026-03-07,TPR,,0
2026-03-08,TPR,,0
2026-03-09,TPR,,0
2026-03-06,TR,,0
2026-03-07,TR,,0
2026-03-08,TR,,0
2026-03-09,TR,,0
2026-03-06,TREX,,0
2026-03-07,TREX,,0
2026-03-08,TREX,,0
2026-03-09,TREX,,0
2026-03-06,TRGP,,0
2026-03-07,TRGP,,0
2026-03-08,TRGP,,0
2026-03-09,TRGP,,0
2026-03-06,TRIP,,0
2026-03-07,TRIP,,0
2026-03-08,TRIP,,0
2026-03-09,TRIP,,0
2026-03-06,TRMB,,0
2026-03-07,TRMB,,0
2026-03-08,TRMB,,0
2026-03-09,TRMB,,0
2026-03-06,TRMK,,0
2026-03-07,TRMK,,0
2026-03-08,TRMK,,0
2026-03-09,TRMK,,0
2026-03-06,TRN,,0
2026-03-07,TRN,,0
2026-03-08,TRN,,0
2026-03-09,TRN,,0
2026-03-06,TRNO,,0
2026-03-07,TRNO,,0
2026-03-08,TRNO,,0
2026-03-09,TRNO,,0
2026-03-06,TROW,,0
2026-03-07,TROW,,0
2026-03-08,TROW,,0
2026-03-09,TROW,,0
2026-03-06,TRST,,0
2026-03-07,TRST,,0
2026-03-08,TRST,,0
2026-03-09,TRST,,0
2026-03-06,TRU,,0
2026-03-07,TRU,,0
2026-03-08,TRU,,0
2026-03-09,TRU,,0
2026-03-06,TRUP,,0
2026-03-07,TRUP,,0
2026-03-08,TRUP,,0
2026-03-09,TRUP,,0
2026-03-06,TRV,,0
2026-03-07,TRV,,0
2026-03-08,TRV,,0
2026-03-09,TRV,,0
2026-03-06,TSCO,,0
2026-03-07,TSCO,,0
2026-03-08,TSCO,,0
2026-03-09,TSCO,,0
2026-03-06,TSLA,,0
2026-03-07,TSLA,,0
2026-03-08,TSLA,,0
2026-03-09,TSLA,,0
2026-03-06,TSN,,0
2026-03-07,TSN,,0
2026-03-08,TSN,,0
2026-03-09,TSN,,0
2026-03-06,TT,,0
2026-03-07,TT,,0
2026-03-08,TT,,0
2026-03-09,TT,,0
2026-03-06,TTC,,0
2026-03-07,TTC,,0
2026-03-08,TTC,,0
2026-03-09,TTC,,0
2026-03-06,TTD,,0
2026-03-07,TTD,,0
2026-03-08,TTD,,0
2026-03-09,TTD,,0
2026-03-06,TTEK,,0
2026-03-07,TTEK,,0
2026-03-08,TTEK,,0
2026-03-09,TTEK,,0
2026-03-06,TTMI,,0
2026-03-07,TTMI,,0
2026-03-08,TTMI,,0
2026-03-09,TTMI,,0
2026-03-06,TTWO,,0
2026-03-07,TTWO,,0
2026-03-08,TTWO,,0
2026-03-09,TTWO,,0
2026-03-06,TWI,,0
2026-03-07,TWI,,0
2026-03-08,TWI,,0
2026-03-09,TWI,,0
2026-03-06,TWLO,,0
2026-03-07,TWLO,,0
2026-03-08,TWLO,,0
2026-03-09,TWLO,,0
2026-03-06,TWO,,0
2026-03-07,TWO,,0
2026-03-08,TWO,,0
2026-03-09,TWO,,0
2026-03-06,TXN,,0
2026-03-07,TXN,,0
2026-03-08,TXN,,0
2026-03-09,TXN,,0
2026-03-06,TXNM,,0
2026-03-07,TXNM,,0
2026-03-08,TXNM,,0
2026-03-09,TXNM,,0
2026-03-06,TXRH,,0
2026-03-07,TXRH,,0
2026-03-08,TXRH,,0
2026-03-09,TXRH,,0
2026-03-06,TXT,,0
2026-03-07,TXT,,0
2026-03-08,TXT,,0
2026-03-09,TXT,,0
2026-03-06,TYL,,0
2026-03-07,TYL,,0
2026-03-08,TYL,,0
2026-03-09,TYL,,0
2026-03-06,UA,,0
2026-03-07,UA,,0
2026-03-08,UA,,0
2026-03-09,UA,,0
2026-03-06,UAA,,0
2026-03-07,UAA,,0
2026-03-08,UAA,,0
2026-03-09,UAA,,0
2026-03-06,UAL,,0
2026-03-07,UAL,,0
2026-03-08,UAL,,0
2026-03-09,UAL,,0
2026-03-06,UBER,,0
2026-03-07,UBER,,0
2026-03-08,UBER,,0
2026-03-09,UBER,,0
2026-03-06,UBSI,,0
2026-03-07,UBSI,,0
2026-03-08,UBSI,,0
2026-03-09,UBSI,,0
2026-03-06,UCB,,0
2026-03-07,UCB,,0
2026-03-08,UCB,,0
2026-03-09,UCB,,0
2026-03-06,UCTT,,0
2026-03-07,UCTT,,0
2026-03-08,UCTT,,0
2026-03-09,UCTT,,0
2026-03-06,UDR,,0
2026-03-07,UDR,,0
2026-03-08,UDR,,0
2026-03-09,UDR,,0
2026-03-06,UE,,0
2026-03-07,UE,,0
2026-03-08,UE,,0
2026-03-09,UE,,0
2026-03-06,UFCS,,0
2026-03-07,UFCS,,0
2026-03-08,UFCS,,0
2026-03-09,UFCS,,0
2026-03-06,UFPI,,0
2026-03-07,UFPI,,0
2026-03-08,UFPI,,0
2026-03-09,UFPI,,0
2026-03-06,UFPT,,0
2026-03-07,UFPT,,0
2026-03-08,UFPT,,0
2026-03-09,UFPT,,0
2026-03-06,UGI,,0
2026-03-07,UGI,,0
2026-03-08,UGI,,0
2026-03-09,UGI,,0
2026-03-06,UHS,,0
2026-03-07,UHS,,0
2026-03-08,UHS,,0
2026-03-09,UHS,,0
2026-03-06,UHT,,0
2026-03-07,UHT,,0
2026-03-08,UHT,,0
2026-03-09,UHT,,0
2026-03-06,ULS,,0
2026-03-07,ULS,,0
2026-03-08,ULS,,0
2026-03-09,ULS,,0
2026-03-06,ULTA,,0
2026-03-07,ULTA,,0
2026-03-08,ULTA,,0
2026-03-09,ULTA,,0
2026-03-06,UMBF,,0
2026-03-07,UMBF,,0
2026-03-08,UMBF,,0
2026-03-09,UMBF,,0
2026-03-06,UNF,,0
2026-03-07,UNF,,0
2026-03-08,UNF,,0
2026-03-09,UNF,,0
2026-03-06,UNFI,,0
2026-03-07,UNFI,,0
2026-03-08,UNFI,,0
2026-03-09,UNFI,,0
2026-03-06,UNH,,0
2026-03-07,UNH,,0
2026-03-08,UNH,,0
2026-03-09,UNH,,0
2026-03-06,UNIT,,0
2026-03-07,UNIT,,0
2026-03-08,UNIT,,0
2026-03-09,UNIT,,0
2026-03-06,UNM,,0
2026-03-07,UNM,,0
2026-03-08,UNM,,0
2026-03-09,UNM,,0
2026-03-06,UNP,,0
2026-03-07,UNP,,0
2026-03-08,UNP,,0
2026-03-09,UNP,,0
2026-03-06,UPBD,,0
2026-03-07,UPBD,,0
2026-03-08,UPBD,,0
2026-03-09,UPBD,,0
2026-03-06,UPS,,0
2026-03-07,UPS,,0
2026-03-08,UPS,,0
2026-03-09,UPS,,0
2026-03-06,UPWK,,0
2026-03-07,UPWK,,0
2026-03-08,UPWK,,0
2026-03-09,UPWK,,0
2026-03-06,URBN,,0
2026-03-07,URBN,,0
2026-03-08,URBN,,0
2026-03-09,URBN,,0
2026-03-06,URI,,0
2026-03-07,URI,,0
2026-03-08,URI,,0
2026-03-09,URI,,0
2026-03-06,USB,,0
2026-03-07,USB,,0
2026-03-08,USB,,0
2026-03-09,USB,,0
2026-03-06,USFD,,0
2026-03-07,USFD,,0
2026-03-08,USFD,,0
2026-03-09,USFD,,0
2026-03-06,USPH,,0
2026-03-07,USPH,,0
2026-03-08,USPH,,0
2026-03-09,USPH,,0
2026-03-06,UTHR,,0
2026-03-07,UTHR,,0
2026-03-08,UTHR,,0
2026-03-09,UTHR,,0
2026-03-06,UTL,,0
2026-03-07,UTL,,0
2026-03-08,UTL,,0
2026-03-09,UTL,,0
2026-03-06,UVV,,0
2026-03-07,UVV,,0
2026-03-08,UVV,,0
2026-03-09,UVV,,0
2026-03-06,V,,0
2026-03-07,V,,0
2026-03-08,V,,0
2026-03-09,V,,0
2026-03-06,VAC,,0
2026-03-07,VAC,,0
2026-03-08,VAC,,0
2026-03-09,VAC,,0
2026-03-06,VAL,,0
2026-03-07,VAL,,0
2026-03-08,VAL,,0
2026-03-09,VAL,,0
2026-03-06,VC,,0
2026-03-07,VC,,0
2026-03-08,VC,,0
2026-03-09,VC,,0
2026-03-06,VCEL,,0
2026-03-07,VCEL,,0
2026-03-08,VCEL,,0
2026-03-09,VCEL,,0
2026-03-06,VCTR,,0
2026-03-07,VCTR,,0
2026-03-08,VCTR,,0
2026-03-09,VCTR,,0
2026-03-06,VCYT,,0
2026-03-07,VCYT,,0
2026-03-08,VCYT,,0
2026-03-09,VCYT,,0
2026-03-06,VECO,,0
2026-03-07,VECO,,0
2026-03-08,VECO,,0
2026-03-09,VECO,,0
2026-03-06,VFC,,0
2026-03-07,VFC,,0
2026-03-08,VFC,,0
2026-03-09,VFC,,0
2026-03-06,VIAV,,0
2026-03-07,VIAV,,0
2026-03-08,VIAV,,0
2026-03-09,VIAV,,0
2026-03-06,VICI,,0
2026-03-07,VICI,,0
2026-03-08,VICI,,0
2026-03-09,VICI,,0
2026-03-06,VICR,,0
2026-03-07,VICR,,0
2026-03-08,VICR,,0
2026-03-09,VICR,,0
2026-03-06,VIR,,0
2026-03-07,VIR,,0
2026-03-08,VIR,,0
2026-03-09,VIR,,0
2026-03-06,VIRT,,0
2026-03-07,VIRT,,0
2026-03-08,VIRT,,0
2026-03-09,VIRT,,0
2026-03-06,VITL,,0
2026-03-07,VITL,,0
2026-03-08,VITL,,0
2026-03-09,VITL,,0
2026-03-06,VLO,,0
2026-03-07,VLO,,0
2026-03-08,VLO,,0
2026-03-09,VLO,,0
2026-03-06,VLTO,,0
2026-03-07,VLTO,,0
2026-03-08,VLTO,,0
2026-03-09,VLTO,,0
2026-03-06,VLY,,0
2026-03-07,VLY,,0
2026-03-08,VLY,,0
2026-03-09,VLY,,0
2026-03-06,VMC,,0
2026-03-07,VMC,,0
2026-03-08,VMC,,0
2026-03-09,VMC,,0
2026-03-06,VMI,,0
2026-03-07,VMI,,0
2026-03-08,VMI,,0
2026-03-09,VMI,,0
2026-03-06,VNO,,0
2026-03-07,VNO,,0
2026-03-08,VNO,,0
2026-03-09,VNO,,0
2026-03-06,VNOM,,0
2026-03-07,VNOM,,0
2026-03-08,VNOM,,0
2026-03-09,VNOM,,0
2026-03-06,VNT,,0
2026-03-07,VNT,,0
2026-03-08,VNT,,0
2026-03-09,VNT,,0
2026-03-06,VOYA,,0
2026-03-07,VOYA,,0
2026-03-08,VOYA,,0
2026-03-09,VOYA,,0
2026-03-06,VRE,,0
2026-03-07,VRE,,0
2026-03-08,VRE,,0
2026-03-09,VRE,,0
2026-03-06,VRRM,,0
2026-03-07,VRRM,,0
2026-03-08,VRRM,,0
2026-03-09,VRRM,,0
2026-03-06,VRSK,,0
2026-03-07,VRSK,,0
2026-03-08,VRSK,,0
2026-03-09,VRSK,,0
2026-03-06,VRSN,,0
2026-03-07,VRSN,,0
2026-03-08,VRSN,,0
2026-03-09,VRSN,,0
2026-03-06,VRTS,,0
2026-03-07,VRTS,,0
2026-03-08,VRTS,,0
2026-03-09,VRTS,,0
2026-03-06,VRTX,,0
2026-03-07,VRTX,,0
2026-03-08,VRTX,,0
2026-03-09,VRTX,,0
2026-03-06,VSAT,,0
2026-03-07,VSAT,,0
2026-03-08,VSAT,,0
2026-03-09,VSAT,,0
2026-03-06,VSCO,,0
2026-03-07,VSCO,,0
2026-03-08,VSCO,,0
2026-03-09,VSCO,,0
2026-03-06,VSH,,0
2026-03-07,VSH,,0
2026-03-08,VSH,,0
2026-03-09,VSH,,0
2026-03-06,VSNT,,0
2026-03-07,VSNT,,0
2026-03-08,VSNT,,0
2026-03-09,VSNT,,0
2026-03-06,VST,,0
2026-03-07,VST,,0
2026-03-08,VST,,0
2026-03-09,VST,,0
2026-03-06,VSTS,,0
2026-03-07,VSTS,,0
2026-03-08,VSTS,,0
2026-03-09,VSTS,,0
2026-03-06,VTOL,,0
2026-03-07,VTOL,,0
2026-03-08,VTOL,,0
2026-03-09,VTOL,,0
2026-03-06,VTR,,0
2026-03-07,VTR,,0
2026-03-08,VTR,,0
2026-03-09,VTR,,0
2026-03-06,VTRS,,0
2026-03-07,VTRS,,0
2026-03-08,VTRS,,0
2026-03-09,VTRS,,0
2026-03-06,VVV,,0
2026-03-07,VVV,,0
2026-03-08,VVV,,0
2026-03-09,VVV,,0
2026-03-06,VYX,,0
2026-03-07,VYX,,0
2026-03-08,VYX,,0
2026-03-09,VYX,,0
2026-03-06,VZ,,0
2026-03-07,VZ,,0
2026-03-08,VZ,,0
2026-03-09,VZ,,0
2026-03-06,WAB,,0
2026-03-07,WAB,,0
2026-03-08,WAB,,0
2026-03-09,WAB,,0
2026-03-06,WABC,,0
2026-03-07,WABC,,0
2026-03-08,WABC,,0
2026-03-09,WABC,,0
2026-03-06,WAFD,,0
2026-03-07,WAFD,,0
2026-03-08,WAFD,,0
2026-03-09,WAFD,,0
2026-03-06,WAL,,0
2026-03-07,WAL,,0
2026-03-08,WAL,,0
2026-03-09,WAL,,0
2026-03-06,WAT,,0
2026-03-07,WAT,,0
2026-03-08,WAT,,0
2026-03-09,WAT,,0
2026-03-06,WAY,,0
2026-03-07,WAY,,0
2026-03-08,WAY,,0
2026-03-09,WAY,,0
2026-03-06,WBD,,0
2026-03-07,WBD,,0
2026-03-08,WBD,,0
2026-03-09,WBD,,0
2026-03-06,WBS,,0
2026-03-07,WBS,,0
2026-03-08,WBS,,0
2026-03-09,WBS,,0
2026-03-06,WCC,,0
2026-03-07,WCC,,0
2026-03-08,WCC,,0
2026-03-09,WCC,,0
2026-03-06,WD,,0
2026-03-07,WD,,0
2026-03-08,WD,,0
2026-03-09,WD,,0
2026-03-06,WDAY,,0
2026-03-07,WDAY,,0
2026-03-08,WDAY,,0
2026-03-09,WDAY,,0
2026-03-06,WDC,,0
2026-03-07,WDC,,0
2026-03-08,WDC,,0
2026-03-09,WDC,,0
2026-03-06,WDFC,,0
2026-03-07,WDFC,,0
2026-03-08,WDFC,,0
2026-03-09,WDFC,,0
2026-03-06,WEC,,0
2026-03-07,WEC,,0
2026-03-08,WEC,,0
2026-03-09,WEC,,0
2026-03-06,WELL,,0
2026-03-07,WELL,,0
2026-03-08,WELL,,0
2026-03-09,WELL,,0
2026-03-06,WEN,,0
2026-03-07,WEN,,0
2026-03-08,WEN,,0
2026-03-09,WEN,,0
2026-03-06,WERN,,0
2026-03-07,WERN,,0
2026-03-08,WERN,,0
2026-03-09,WERN,,0
2026-03-06,WEX,,0
2026-03-07,WEX,,0
2026-03-08,WEX,,0
2026-03-09,WEX,,0
2026-03-06,WFC,,0
2026-03-07,WFC,,0
2026-03-08,WFC,,0
2026-03-09,WFC,,0
2026-03-06,WFRD,,0
2026-03-07,WFRD,,0
2026-03-08,WFRD,,0
2026-03-09,WFRD,,0
2026-03-06,WGO,,0
2026-03-07,WGO,,0
2026-03-08,WGO,,0
2026-03-09,WGO,,0
2026-03-06,WH,,0
2026-03-07,WH,,0
2026-03-08,WH,,0
2026-03-09,WH,,0
2026-03-06,WHD,,0
2026-03-07,WHD,,0
2026-03-08,WHD,,0
2026-03-09,WHD,,0
2026-03-06,WHR,,0
2026-03-07,WHR,,0
2026-03-08,WHR,,0
2026-03-09,WHR,,0
2026-03-06,WINA,,0
2026-03-07,WINA,,0
2026-03-08,WINA,,0
2026-03-09,WINA,,0
2026-03-06,WING,,0
2026-03-07,WING,,0
2026-03-08,WING,,0
2026-03-09,WING,,0
2026-03-06,WKC,,0
2026-03-07,WKC,,0
2026-03-08,WKC,,0
2026-03-09,WKC,,0
2026-03-06,WLK,,0
2026-03-07,WLK,,0
2026-03-08,WLK,,0
2026-03-09,WLK,,0
2026-03-06,WLY,,0
2026-03-07,WLY,,0
2026-03-08,WLY,,0
2026-03-09,WLY,,0
2026-03-06,WM,,0
2026-03-07,WM,,0
2026-03-08,WM,,0
2026-03-09,WM,,0
2026-03-06,WMB,,0
2026-03-07,WMB,,0
2026-03-08,WMB,,0
2026-03-09,WMB,,0
2026-03-06,WMG,,0
2026-03-07,WMG,,0
2026-03-08,WMG,,0
2026-03-09,WMG,,0
2026-03-06,WMS,,0
2026-03-07,WMS,,0
2026-03-08,WMS,,0
2026-03-09,WMS,,0
2026-03-06,WMT,,0
2026-03-07,WMT,,0
2026-03-08,WMT,,0
2026-03-09,WMT,,0
2026-03-06,WOR,,0
2026-03-07,WOR,,0
2026-03-08,WOR,,0
2026-03-09,WOR,,0
2026-03-06,WPC,,0
2026-03-07,WPC,,0
2026-03-08,WPC,,0
2026-03-09,WPC,,0
2026-03-06,WRB,,0
2026-03-07,WRB,,0
2026-03-08,WRB,,0
2026-03-09,WRB,,0
2026-03-06,WRLD,,0
2026-03-07,WRLD,,0
2026-03-08,WRLD,,0
2026-03-09,WRLD,,0
2026-03-06,WS,,0
2026-03-07,WS,,0
2026-03-08,WS,,0
2026-03-09,WS,,0
2026-03-06,WSC,,0
2026-03-07,WSC,,0
2026-03-08,WSC,,0
2026-03-09,WSC,,0
2026-03-06,WSFS,,0
2026-03-07,WSFS,,0
2026-03-08,WSFS,,0
2026-03-09,WSFS,,0
2026-03-06,WSM,,0
2026-03-07,WSM,,0
2026-03-08,WSM,,0
2026-03-09,WSM,,0
2026-03-06,WSO,,0
2026-03-07,WSO,,0
2026-03-08,WSO,,0
2026-03-09,WSO,,0
2026-03-06,WSR,,0
2026-03-07,WSR,,0
2026-03-08,WSR,,0
2026-03-09,WSR,,0
2026-03-06,WST,,0
2026-03-07,WST,,0
2026-03-08,WST,,0
2026-03-09,WST,,0
2026-03-06,WT,,0
2026-03-07,WT,,0
2026-03-08,WT,,0
2026-03-09,WT,,0
2026-03-06,WTFC,,0
2026-03-07,WTFC,,0
2026-03-08,WTFC,,0
2026-03-09,WTFC,,0
2026-03-06,WTRG,,0
2026-03-07,WTRG,,0
2026-03-08,WTRG,,0
2026-03-09,WTRG,,0
2026-03-06,WTS,,0
2026-03-07,WTS,,0
2026-03-08,WTS,,0
2026-03-09,WTS,,0
2026-03-06,WTW,,0
2026-03-07,WTW,,0
2026-03-08,WTW,,0
2026-03-09,WTW,,0
2026-03-06,WU,,0
2026-03-07,WU,,0
2026-03-08,WU,,0
2026-03-09,WU,,0
2026-03-06,WWD,,0
2026-03-07,WWD,,0
2026-03-08,WWD,,0
2026-03-09,WWD,,0
2026-03-06,WWW,,0
2026-03-07,WWW,,0
2026-03-08,WWW,,0
2026-03-09,WWW,,0
2026-03-06,WY,,0
2026-03-07,WY,,0
2026-03-08,WY,,0
2026-03-09,WY,,0
2026-03-06,WYNN,,0
2026-03-07,WYNN,,0
2026-03-08,WYNN,,0
2026-03-09,WYNN,,0
2026-03-06,XEL,,0
2026-03-07,XEL,,0
2026-03-08,XEL,,0
2026-03-09,XEL,,0
2026-03-06,XHR,,0
2026-03-07,XHR,,0
2026-03-08,XHR,,0
2026-03-09,XHR,,0
2026-03-06,XNCR,,0
2026-03-07,XNCR,,0
2026-03-08,XNCR,,0
2026-03-09,XNCR,,0
2026-03-06,XOM,,0
2026-03-07,XOM,,0
2026-03-08,XOM,,0
2026-03-09,XOM,,0
2026-03-06,XPEL,,0
2026-03-07,XPEL,,0
2026-03-08,XPEL,,0
2026-03-09,XPEL,,0
2026-03-06,XPO,,0
2026-03-07,XPO,,0
2026-03-08,XPO,,0
2026-03-09,XPO,,0
2026-03-06,XRAY,,0
2026-03-07,XRAY,,0
2026-03-08,XRAY,,0
2026-03-09,XRAY,,0
2026-03-06,XYL,,0
2026-03-07,XYL,,0
2026-03-08,XYL,,0
2026-03-09,XYL,,0
2026-03-06,XYZ,,0
2026-03-07,XYZ,,0
2026-03-08,XYZ,,0
2026-03-09,XYZ,,0
2026-03-06,YELP,,0
2026-03-07,YELP,,0
2026-03-08,YELP,,0
2026-03-09,YELP,,0
2026-03-06,YETI,,0
2026-03-07,YETI,,0
2026-03-08,YETI,,0
2026-03-09,YETI,,0
2026-03-06,YOU,,0
2026-03-07,YOU,,0
2026-03-08,YOU,,0
2026-03-09,YOU,,0
2026-03-06,YUM,,0
2026-03-07,YUM,,0
2026-03-08,YUM,,0
2026-03-09,YUM,,0
2026-03-06,ZBH,,0
2026-03-07,ZBH,,0
2026-03-08,ZBH,,0
2026-03-09,ZBH,,0
2026-03-06,ZBRA,,0
2026-03-07,ZBRA,,0
2026-03-08,ZBRA,,0
2026-03-09,ZBRA,,0
2026-03-06,ZD,,0
2026-03-07,ZD,,0
2026-03-08,ZD,,0
2026-03-09,ZD,,0
2026-03-06,ZION,,0
2026-03-07,ZION,,0
2026-03-08,ZION,,0
2026-03-09,ZION,,0
2026-03-06,ZTS,,0
2026-03-07,ZTS,,0
2026-03-08,ZTS,,0
2026-03-09,ZTS,,0
2026-03-06,ZWS,,0
2026-03-07,ZWS,,0
2026-03-08,ZWS,,0
2026-03-09,ZWS,,0
